COD_PDV_Origem;COD_PDV_Destino;saving_distancia_km;saving_tempo_min
7;27;50.213;65.93333333333334
5;45;47.786;59.083333333333336
7;5;47.401;58.65
7;45;47.401;58.55
5;27;45.198;52.2
5;7;45.198;52.36666666666667
7;28;44.929;53.78333333333333
26;28;44.303;68.25
1;27;44.026;68.48333333333333
14;45;43.992;53.11666666666667
47;27;43.714;64.86666666666666
20;28;43.545;69.98333333333333
7;36;43.442;58.916666666666664
14;5;43.314;51.55
7;26;43.263;56.6
7;29;43.22;58.06666666666667
33;27;43.105;63.31666666666667
1;7;43.043;65.8
14;7;42.762;50.86666666666667
14;27;42.762;50.666666666666664
28;26;42.702;72.26666666666667
9;27;42.612;63.21666666666667
10;27;42.606;61.71666666666667
28;27;42.531;57.483333333333334
22;28;42.322;60.083333333333336
36;27;42.306;59.81666666666667
29;27;42.299;59.53333333333333
47;7;42.245;60.31666666666667
26;27;42.129;56.75
5;14;42.084;49.56666666666667
7;14;42.084;50.233333333333334
11;27;42.076;61.71666666666667
49;27;42.075;61.483333333333334
7;2;41.761;53.0
24;27;41.601;60.03333333333333
20;26;41.441;72.4
38;27;41.425;64.66666666666667
36;28;41.39;63.18333333333333
20;27;41.27;57.65
33;7;41.235;58.86666666666667
47;28;41.044;61.71666666666667
9;7;40.997;59.1
49;7;40.996;59.03333333333333
38;7;40.968;64.15
28;7;40.838;52.03333333333333
29;7;40.83;54.95
10;7;40.737;57.333333333333336
45;5;40.553;61.43333333333333
27;7;40.486;63.4
1;28;40.475;64.73333333333333
7;1;40.452;67.98333333333333
26;7;40.436;51.35
36;7;40.436;55.0
45;7;40.323;61.21666666666667
7;37;40.299;46.25
28;36;40.241;65.18333333333334
11;7;40.206;57.266666666666666
29;28;40.171;58.5
2;27;40.169;51.583333333333336
7;38;40.011;65.4
26;36;39.958;64.41666666666667
47;36;39.953;68.26666666666667
45;27;39.932;58.25
35;27;39.782;52.233333333333334
33;28;39.782;58.06666666666667
50;27;39.751;50.266666666666666
24;7;39.731;55.38333333333333
2;28;39.709;58.15
36;26;39.674;66.53333333333333
47;5;39.673;53.483333333333334
47;45;39.673;53.61666666666667
22;26;39.638;61.666666666666664
20;7;39.577;52.15
41;27;39.535;55.25
7;47;39.513;63.15
50;28;39.493;57.266666666666666
22;27;39.49;47.95
47;29;39.487;66.56666666666666
5;28;39.476;36.93333333333333
1;5;39.424;54.63333333333333
1;45;39.423;54.71666666666667
47;26;39.378;64.28333333333333
28;29;39.377;62.55
7;20;39.306;56.6
37;27;39.278;48.28333333333333
11;45;39.258;52.18333333333333
29;36;39.228;64.25
7;9;39.215;61.916666666666664
36;29;39.195;67.03333333333333
26;29;39.094;61.983333333333334
17;27;39.048;54.266666666666666
1;36;39.038;66.96666666666667
13;27;39.018;52.8
20;36;38.981;65.16666666666667
7;10;38.973;61.15
31;43;38.961;56.016666666666666
48;27;38.917;53.083333333333336
10;28;38.911;55.75
1;29;38.816;66.21666666666667
7;11;38.768;61.15
18;28;38.752;56.43333333333333
44;28;38.752;56.35
33;36;38.75;66.0
7;49;38.719;60.06666666666667
48;45;38.715;55.81666666666667
41;7;38.709;55.75
2;7;38.701;46.95
33;5;38.663;52.06666666666667
33;45;38.663;52.083333333333336
26;20;38.63;71.7
28;20;38.63;71.8
41;45;38.608;54.583333333333336
24;45;38.513;50.483333333333334
44;18;38.495;58.05
29;26;38.455;61.9
22;2;38.455;56.0
9;28;38.426;54.483333333333334
9;5;38.425;52.38333333333333
9;45;38.425;52.31666666666667
49;5;38.425;52.416666666666664
49;45;38.424;52.38333333333333
28;2;38.408;61.38333333333333
26;2;38.408;61.233333333333334
11;28;38.38;55.65
5;36;38.368;43.95
38;5;38.314;57.21666666666667
38;45;38.314;57.21666666666667
7;33;38.304;60.05
50;7;38.283;45.7
29;5;38.258;48.13333333333333
29;45;38.258;48.21666666666667
48;7;38.207;55.03333333333333
23;27;38.199;49.78333333333333
28;5;38.184;44.833333333333336
28;45;38.184;45.06666666666667
10;5;38.165;50.55
10;45;38.165;50.61666666666667
49;28;38.122;53.03333333333333
20;29;38.116;62.75
33;26;38.066;61.55
36;2;38.058;62.31666666666667
20;2;38.056;62.583333333333336
47;2;38.028;61.68333333333333
29;2;38.028;61.81666666666667
13;7;38.01;50.78333333333333
10;36;37.992;63.85
1;26;37.954;65.68333333333334
27;5;37.915;56.7
27;45;37.914;56.7
35;7;37.912;47.31666666666667
24;28;37.905;53.65
2;36;37.904;59.7
10;29;37.895;61.68333333333333
33;29;37.886;63.583333333333336
36;45;37.864;48.05
36;5;37.864;48.1
22;7;37.797;42.55
26;5;37.782;44.06666666666667
26;45;37.782;44.166666666666664
13;45;37.77;50.96666666666667
5;26;37.76;40.483333333333334
22;29;37.726;54.45
5;29;37.718;41.583333333333336
17;7;37.712;51.68333333333333
50;36;37.687;58.766666666666666
50;2;37.662;60.333333333333336
11;5;37.634;50.516666666666666
2;26;37.606;60.78333333333333
27;28;37.506;57.483333333333334
18;31;37.466;53.5
44;31;37.466;53.36666666666667
18;43;37.465;53.666666666666664
44;43;37.465;53.516666666666666
11;36;37.461;63.78333333333333
2;29;37.46;59.13333333333333
42;45;37.419;51.03333333333333
7;24;37.418;56.36666666666667
37;7;37.408;43.61666666666667
9;36;37.395;62.733333333333334
50;26;37.389;59.9
11;29;37.364;61.65
1;2;37.357;61.31666666666667
42;27;37.341;48.1
7;13;37.334;54.05
22;36;37.319;55.75
22;20;37.287;64.18333333333334
10;26;37.194;59.15
17;45;37.163;50.583333333333336
24;5;37.159;48.55
35;28;37.122;50.6
49;36;37.091;60.93333333333333
23;45;37.082;49.8
50;29;37.042;57.88333333333333
14;28;37.04;35.86666666666667
48;5;37.038;52.15
35;45;37.01;43.03333333333333
9;29;36.949;59.483333333333334
42;7;36.932;50.13333333333333
41;5;36.932;50.85
18;27;36.931;43.333333333333336
44;27;36.931;43.016666666666666
37;28;36.929;48.45
7;35;36.925;54.0
20;5;36.924;44.916666666666664
20;45;36.923;44.95
34;27;36.908;40.06666666666667
24;29;36.889;59.96666666666667
22;37;36.763;49.81666666666667
24;36;36.723;60.36666666666667
9;26;36.71;58.06666666666667
7;41;36.664;51.45
11;26;36.663;59.06666666666667
33;2;36.631;59.2
10;2;36.63;59.6
23;7;36.595;48.85
31;28;36.544;51.13333333333333
46;27;36.522;44.8
5;37;36.499;33.15
18;44;36.432;53.65
49;26;36.406;56.28333333333333
5;2;36.371;38.083333333333336
7;50;36.351;49.56666666666667
38;28;36.348;53.13333333333333
4;27;36.254;38.28333333333333
27;36;36.232;63.2
49;29;36.226;58.4
24;26;36.189;57.416666666666664
7;48;36.177;49.63333333333333
24;2;36.134;59.78333333333333
2;45;36.129;40.0
2;5;36.129;40.11666666666667
11;2;36.099;59.5
47;37;36.097;53.95
13;5;36.093;47.06666666666667
7;42;35.985;50.2
18;26;35.962;56.78333333333333
44;26;35.961;56.8
14;36;35.932;42.86666666666667
47;1;35.915;73.51666666666667
28;37;35.87;53.43333333333333
26;37;35.87;53.46666666666667
27;26;35.84;60.266666666666666
27;29;35.798;61.666666666666664
31;18;35.792;51.166666666666664
42;5;35.743;47.2
35;2;35.726;56.166666666666664
36;20;35.717;66.61666666666666
50;45;35.711;39.0
50;5;35.711;38.88333333333333
9;2;35.684;57.13333333333333
2;37;35.658;52.7
20;37;35.658;53.18333333333333
50;37;35.657;52.583333333333336
29;37;35.657;52.95
49;2;35.652;56.55
46;45;35.647;45.016666666666666
31;27;35.541;38.75
33;37;35.535;53.6
1;37;35.535;53.71666666666667
10;37;35.535;53.916666666666664
7;22;35.5;44.416666666666664
17;5;35.486;46.78333333333333
7;17;35.468;46.4
7;23;35.468;46.7
47;20;35.421;64.41666666666667
23;5;35.406;45.983333333333334
35;26;35.406;54.13333333333333
35;36;35.405;53.85
17;28;35.392;49.2
37;2;35.351;52.53333333333333
35;5;35.341;40.36666666666667
28;22;35.335;60.8
36;37;35.328;53.81666666666667
14;26;35.324;39.5
39;31;35.293;52.2
38;36;35.29;59.85
14;29;35.281;40.8
37;36;35.213;51.88333333333333
37;26;35.213;52.21666666666667
37;29;35.212;51.4
35;29;35.199;54.11666666666667
46;7;35.16;44.15
22;5;35.143;35.233333333333334
22;45;35.143;35.31666666666667
34;45;35.088;39.2
45;28;35.082;47.96666666666667
18;7;35.061;38.5
44;7;35.061;38.11666666666667
31;44;35.043;49.733333333333334
24;37;35.039;54.15
11;37;35.004;53.8
5;38;34.957;51.35
34;7;34.955;36.88333333333333
5;1;34.949;51.78333333333333
22;44;34.94;50.95
1;20;34.902;64.96666666666667
5;13;34.888;49.53333333333333
35;37;34.846;51.31666666666667
43;28;34.841;49.233333333333334
37;5;34.836;36.6
37;45;34.836;36.516666666666666
20;22;34.83;62.25
26;22;34.824;59.81666666666667
4;7;34.802;34.8
2;20;34.782;63.31666666666667
1;47;34.749;70.0
45;14;34.743;51.56666666666667
41;28;34.684;44.21666666666667
38;26;34.682;55.983333333333334
5;10;34.65;48.266666666666666
38;29;34.64;57.43333333333333
9;37;34.589;51.333333333333336
28;1;34.571;67.58333333333333
43;31;34.568;49.5
50;20;34.565;62.416666666666664
49;37;34.556;50.8
33;47;34.519;69.15
29;20;34.498;61.93333333333333
5;47;34.49;49.1
3;27;34.475;35.05
23;28;34.459;45.05
26;1;34.456;66.81666666666666
47;33;34.454;69.01666666666667
5;11;34.445;48.35
21;27;34.431;34.56666666666667
47;9;34.379;66.0
4;45;34.374;33.88333333333333
47;10;34.371;66.63333333333334
47;14;34.356;45.06666666666667
22;50;34.346;58.1
27;2;34.338;56.766666666666666
17;29;34.336;54.1
44;2;34.307;49.81666666666667
18;2;34.307;50.016666666666666
43;27;34.253;36.13333333333333
5;9;34.192;47.833333333333336
7;46;34.187;45.483333333333334
13;28;34.167;41.78333333333333
47;11;34.166;66.66666666666667
29;47;34.13;66.06666666666666
1;9;34.13;67.4
29;1;34.113;66.51666666666667
33;20;34.108;61.61666666666667
1;14;34.107;46.43333333333333
43;18;34.088;49.63333333333333
48;28;34.067;42.483333333333334
28;47;34.063;62.81666666666667
5;41;34.049;46.4
33;1;34.028;68.08333333333333
40;27;34.011;33.5
42;28;34.011;41.916666666666664
17;36;34.0;54.833333333333336
17;2;33.996;54.766666666666666
22;18;33.973;49.4
46;5;33.971;41.233333333333334
10;47;33.946;67.26666666666667
14;2;33.935;37.18333333333333
45;36;33.891;52.88333333333333
11;10;33.84;69.83333333333333
18;22;33.834;56.833333333333336
44;22;33.834;56.75
33;10;33.808;66.01666666666667
5;20;33.803;40.5
36;1;33.781;67.18333333333334
29;33;33.779;66.21666666666667
31;26;33.754;51.43333333333333
7;44;33.734;36.43333333333333
5;48;33.729;44.63333333333333
36;47;33.72;65.48333333333333
7;4;33.72;34.516666666666666
5;49;33.704;46.166666666666664
17;26;33.676;52.71666666666667
31;7;33.672;33.5
26;47;33.661;62.083333333333336
18;36;33.643;51.31666666666667
44;36;33.642;51.05
47;49;33.641;63.833333333333336
22;31;33.612;45.81666666666667
22;43;33.611;45.766666666666666
33;11;33.604;66.15
10;11;33.594;67.2
43;44;33.567;49.36666666666667
1;10;33.559;64.61666666666666
7;34;33.544;40.81666666666667
1;33;33.54;67.11666666666666
10;33;33.539;66.91666666666667
41;36;33.534;51.083333333333336
13;36;33.533;50.93333333333333
10;9;33.513;65.7
29;10;33.489;62.7
23;29;33.488;49.7
26;50;33.455;59.7
10;1;33.455;66.16666666666667
28;50;33.455;59.766666666666666
9;10;33.425;67.1
7;18;33.418;35.6
4;28;33.416;42.666666666666664
11;47;33.416;67.2
45;26;33.416;49.85
5;35;33.415;43.95
34;5;33.411;35.21666666666667
48;36;33.38;51.0
45;29;33.373;51.65
33;9;33.369;64.7
28;33;33.36;60.53333333333333
1;11;33.354;64.61666666666666
9;47;33.35;66.11666666666666
33;14;33.346;43.86666666666667
21;7;33.316;35.95
3;7;33.308;31.633333333333333
38;2;33.293;53.8
29;11;33.284;62.75
5;33;33.28;46.13333333333333
28;10;33.276;58.3
44;20;33.27;57.38333333333333
18;20;33.27;57.75
10;20;33.237;59.266666666666666
9;11;33.221;67.15
32;45;33.203;42.15
20;50;33.202;61.983333333333334
36;33;33.178;65.15
23;36;33.152;50.1
48;29;33.151;49.333333333333336
27;37;33.139;51.63333333333333
20;1;33.138;66.6
17;37;33.116;49.983333333333334
9;14;33.108;43.9
49;14;33.108;44.03333333333333
2;50;33.105;60.4
36;50;33.105;60.53333333333333
36;10;33.094;62.81666666666667
33;49;33.079;63.35
10;49;33.076;64.43333333333334
26;33;33.076;60.083333333333336
28;11;33.072;58.43333333333333
23;2;33.063;50.916666666666664
9;49;33.047;64.68333333333334
49;47;33.046;64.5
49;9;33.046;64.88333333333334
49;10;33.046;64.76666666666667
5;42;33.044;44.983333333333334
47;38;33.027;62.666666666666664
41;26;33.018;47.43333333333333
11;33;33.008;66.9
38;14;32.997;48.85
26;10;32.993;57.916666666666664
47;24;32.988;61.733333333333334
11;9;32.982;65.66666666666667
42;29;32.982;46.65
41;29;32.976;48.71666666666667
29;9;32.964;61.11666666666667
31;36;32.942;45.61666666666667
29;14;32.941;39.93333333333333
11;1;32.924;66.13333333333334
31;2;32.917;46.083333333333336
18;45;32.915;34.233333333333334
5;24;32.915;42.766666666666666
44;45;32.915;33.516666666666666
36;11;32.89;62.88333333333333
28;9;32.89;57.7
3;45;32.88;31.216666666666665
28;14;32.867;36.766666666666666
13;29;32.854;47.5
13;26;32.849;45.95
10;14;32.848;42.13333333333333
40;7;32.844;30.65
49;11;32.841;64.86666666666666
14;37;32.839;31.416666666666668
20;47;32.802;62.96666666666667
24;10;32.789;65.41666666666667
26;11;32.789;58.03333333333333
42;36;32.788;48.68333333333333
18;29;32.778;48.7
44;29;32.778;48.55
1;38;32.777;64.03333333333333
29;49;32.759;60.03333333333333
9;20;32.753;58.18333333333333
23;26;32.743;48.583333333333336
11;20;32.706;59.2
9;1;32.688;64.9
10;24;32.681;63.71666666666667
24;47;32.678;63.81666666666667
45;2;32.651;47.38333333333333
13;2;32.651;47.0
47;50;32.618;58.63333333333333
29;50;32.618;58.68333333333333
40;45;32.617;30.816666666666666
42;2;32.616;47.65
44;37;32.603;47.75
18;37;32.603;47.75
27;14;32.598;48.4
5;23;32.595;40.36666666666667
9;33;32.594;64.58333333333333
24;11;32.585;65.6
5;17;32.583;40.25
36;22;32.583;54.7
48;2;32.583;48.68333333333333
2;22;32.582;54.666666666666664
36;9;32.57;61.1
36;14;32.547;39.85
28;49;32.547;55.5
11;49;32.545;64.38333333333334
24;33;32.534;65.11666666666666
1;49;32.532;62.7
49;1;32.521;64.21666666666667
14;38;32.52;49.93333333333333
14;1;32.513;50.583333333333336
44;5;32.489;31.066666666666666
18;5;32.489;31.133333333333333
26;9;32.488;57.13333333333333
21;45;32.482;36.916666666666664
41;2;32.477;47.45
21;5;32.47;33.63333333333333
26;14;32.465;35.75
48;26;32.451;46.96666666666667
49;20;32.449;56.483333333333334
39;27;32.437;34.21666666666667
27;1;32.433;69.61666666666666
33;24;32.426;61.266666666666666
1;24;32.425;61.733333333333334
28;18;32.409;50.016666666666666
7;31;32.405;31.283333333333335
7;43;32.404;31.416666666666668
24;1;32.4;63.583333333333336
43;7;32.383;30.7
36;49;32.364;60.11666666666667
27;47;32.353;67.88333333333334
31;39;32.345;51.733333333333334
24;20;32.342;59.65
12;27;32.325;29.5
11;14;32.317;42.1
42;26;32.295;45.71666666666667
26;49;32.263;55.18333333333333
4;5;32.23;27.933333333333334
24;9;32.227;62.71666666666667
34;2;32.214;42.53333333333333
49;33;32.214;62.233333333333334
38;37;32.198;48.0
23;37;32.183;46.15
11;24;32.139;63.86666666666667
9;38;32.121;62.5
49;38;32.12;62.46666666666667
39;43;32.106;47.1
29;24;32.106;57.983333333333334
20;33;32.099;60.6
36;24;32.075;58.15
31;22;32.07;50.9
27;9;32.056;66.68333333333334
14;47;32.053;47.833333333333336
43;26;32.05;50.0
29;22;32.036;52.86666666666667
47;22;32.036;52.583333333333336
33;38;32.017;61.3
20;10;32.016;58.46666666666667
34;28;32.01;40.15
2;47;32.001;58.166666666666664
22;33;31.999;51.81666666666667
2;1;31.983;58.666666666666664
28;44;31.979;48.81666666666667
1;50;31.948;58.13333333333333
50;22;31.947;52.46666666666667
35;20;31.934;56.05
10;35;31.932;60.233333333333334
7;21;31.928;37.25
22;10;31.916;49.666666666666664
27;20;31.883;60.4
38;1;31.872;67.21666666666667
34;36;31.861;40.483333333333334
24;14;31.842;40.28333333333333
20;11;31.811;58.56666666666667
24;49;31.79;61.55
13;37;31.771;42.36666666666667
45;37;31.771;42.85
41;37;31.771;42.53333333333333
48;37;31.759;44.13333333333333
14;9;31.756;46.7
49;24;31.745;61.03333333333333
42;37;31.735;43.15
9;24;31.727;61.53333333333333
6;27;31.716;28.15
22;11;31.712;49.8
7;3;31.71;30.45
47;35;31.707;57.3
4;26;31.7;46.31666666666667
4;37;31.7;46.0
4;2;31.7;45.666666666666664
4;29;31.699;45.53333333333333
4;36;31.699;45.93333333333333
26;44;31.691;46.95
46;28;31.672;34.1
32;5;31.664;37.95
22;24;31.659;48.71666666666667
1;35;31.655;57.31666666666667
50;1;31.631;58.05
20;9;31.63;57.96666666666667
29;38;31.612;57.68333333333333
20;14;31.607;36.766666666666666
28;43;31.604;46.11666666666667
28;31;31.604;46.233333333333334
27;10;31.587;64.75
50;47;31.583;56.96666666666667
37;20;31.559;52.4
28;38;31.538;54.15
5;46;31.529;40.25
31;45;31.526;30.333333333333332
14;10;31.522;45.86666666666667
10;38;31.518;59.68333333333333
47;13;31.515;54.6
24;35;31.479;60.86666666666667
2;33;31.442;57.3
10;50;31.419;56.083333333333336
33;50;31.419;55.75
38;47;31.412;64.45
11;35;31.39;60.46666666666667
27;11;31.383;64.85
14;20;31.367;39.53333333333333
2;10;31.359;55.11666666666667
11;38;31.353;60.1
27;49;31.333;63.86666666666667
14;11;31.318;45.88333333333333
36;35;31.305;54.0
22;1;31.304;55.016666666666666
20;49;31.286;55.7
26;18;31.286;47.733333333333334
26;24;31.283;54.56666666666667
28;24;31.283;54.35
27;38;31.268;65.85
14;49;31.268;44.88333333333333
9;35;31.253;58.86666666666667
49;35;31.252;58.766666666666666
38;10;31.251;62.78333333333333
43;36;31.238;43.85
48;14;31.228;42.28333333333333
36;38;31.218;57.55
43;2;31.214;44.45
31;29;31.213;43.88333333333333
31;37;31.213;43.78333333333333
22;49;31.186;46.95
12;7;31.158;25.85
2;11;31.155;55.15
1;13;31.147;56.38333333333333
46;36;31.146;42.05
33;35;31.145;56.766666666666666
27;33;31.144;64.95
26;38;31.136;53.36666666666667
38;9;31.114;63.233333333333334
31;5;31.1;26.816666666666666
1;22;31.096;52.666666666666664
14;13;31.094;43.21666666666667
3;28;31.062;38.266666666666666
47;42;31.049;54.0
38;11;31.047;62.916666666666664
50;33;31.024;56.03333333333333
22;47;31.022;53.1
38;49;30.997;61.983333333333334
41;14;30.963;40.833333333333336
36;44;30.948;45.46666666666667
2;44;30.948;45.516666666666666
50;10;30.941;53.88333333333333
40;5;30.941;26.783333333333335
34;26;30.937;40.983333333333334
34;29;30.936;40.166666666666664
34;37;30.936;40.85
20;44;30.933;48.55
46;29;30.917;40.233333333333334
35;33;30.897;58.0
11;50;30.888;56.05
5;34;30.886;35.666666666666664
28;35;30.877;52.8
26;35;30.877;52.75
35;47;30.859;56.0
5;50;30.849;33.6
47;41;30.845;52.03333333333333
14;33;30.844;44.6
2;9;30.835;53.15
29;35;30.825;53.45
2;14;30.812;31.75
35;24;30.78;55.86666666666667
50;11;30.737;53.916666666666664
3;5;30.736;24.866666666666667
24;50;30.725;56.65
38;20;30.725;55.983333333333334
35;10;30.718;55.916666666666664
2;24;30.714;53.93333333333333
46;2;30.691;41.35
20;24;30.691;55.083333333333336
10;42;30.684;55.43333333333333
36;18;30.633;44.28333333333333
2;18;30.632;44.25
2;49;30.629;52.416666666666664
35;1;30.582;55.61666666666667
21;28;30.582;27.966666666666665
39;7;30.567;29.233333333333334
6;7;30.549;24.283333333333335
10;13;30.538;53.6
7;40;30.536;32.1
40;28;30.528;35.28333333333333
20;18;30.528;49.28333333333333
35;11;30.514;56.0
24;38;30.513;57.85
9;13;30.505;54.583333333333336
49;13;30.505;54.6
33;42;30.486;53.43333333333333
26;31;30.481;43.7
26;43;30.48;43.81666666666667
45;38;30.479;61.5
1;41;30.477;53.88333333333333
9;50;30.473;53.61666666666667
1;42;30.437;52.45
14;32;30.435;33.05
33;13;30.429;52.55
35;9;30.425;54.5
11;42;30.42;56.416666666666664
50;9;30.417;51.86666666666667
50;14;30.394;30.45
37;33;30.393;54.36666666666667
43;22;30.366;49.15
31;20;30.362;49.96666666666667
47;48;30.358;50.18333333333333
37;47;30.354;52.45
35;50;30.317;52.96666666666667
49;42;30.312;54.81666666666667
18;50;30.306;51.983333333333334
37;50;30.306;50.4
44;50;30.306;51.9
9;42;30.304;55.06666666666667
50;24;30.297;52.65
20;38;30.277;54.166666666666664
11;13;30.274;54.7
14;41;30.256;40.21666666666667
47;17;30.251;49.65
47;23;30.25;49.916666666666664
49;50;30.242;53.25
17;10;30.236;59.5
10;23;30.235;51.05
45;1;30.235;60.35
33;22;30.228;51.483333333333334
10;22;30.227;51.8
10;17;30.222;50.86666666666667
37;10;30.213;52.35
50;49;30.211;51.11666666666667
5;4;30.211;24.8
17;20;30.204;54.55
38;33;30.202;61.516666666666666
29;42;30.167;50.35
41;13;30.159;58.25
45;13;30.159;58.81666666666667
46;26;30.157;38.35
37;35;30.152;51.416666666666664
2;35;30.147;50.03333333333333
50;35;30.147;49.71666666666667
10;48;30.135;51.65
10;41;30.134;51.516666666666666
37;24;30.086;51.68333333333333
43;29;30.082;41.9
43;37;30.082;42.36666666666667
37;1;30.077;51.71666666666667
17;35;30.032;60.083333333333336
27;24;30.032;60.06666666666667
17;11;30.031;59.6
28;13;30.026;46.05
35;14;30.024;32.18333333333333
29;13;30.024;48.65
24;42;30.019;55.03333333333333
37;11;30.009;52.45
3;2;30.004;39.833333333333336
42;14;30.001;36.5
1;48;29.99;52.083333333333336
35;49;29.988;53.233333333333334
43;39;29.984;49.2
17;33;29.981;59.233333333333334
11;23;29.971;52.11666666666667
3;36;29.97;38.65
14;24;29.967;40.88333333333333
11;17;29.958;51.916666666666664
17;49;29.956;58.483333333333334
17;9;29.955;58.56666666666667
17;47;29.955;58.2
28;42;29.954;45.833333333333336
27;13;29.948;57.7
38;13;29.947;57.516666666666666
33;48;29.937;49.666666666666664
45;10;29.921;57.75
37;9;29.921;50.9
45;9;29.921;57.516666666666666
13;14;29.907;34.6
11;48;29.871;52.75
11;41;29.87;52.6
22;9;29.849;48.45
17;1;29.847;57.71666666666667
37;22;29.842;50.38333333333333
41;1;29.838;57.36666666666667
25;27;29.838;27.85
41;38;29.837;57.2
9;41;29.836;52.13333333333333
49;41;29.835;52.083333333333336
22;14;29.826;26.633333333333333
17;14;29.824;36.61666666666667
43;45;29.822;28.783333333333335
43;5;29.812;23.766666666666666
46;37;29.81;37.03333333333333
9;23;29.796;51.766666666666666
9;17;29.796;51.53333333333333
49;17;29.796;51.43333333333333
49;23;29.795;51.733333333333334
45;47;29.775;57.666666666666664
36;42;29.772;50.266666666666666
49;48;29.763;51.083333333333336
33;41;29.759;50.0
9;48;29.754;51.4
24;17;29.749;51.5
24;22;29.731;52.03333333333333
20;31;29.723;45.35
20;43;29.722;45.38333333333333
45;11;29.717;57.78333333333333
38;24;29.696;58.21666666666667
11;22;29.696;51.733333333333334
39;28;29.69;42.983333333333334
33;17;29.689;49.45
33;23;29.688;49.6
26;42;29.671;45.45
17;24;29.668;58.2
45;49;29.667;56.75
23;14;29.664;35.21666666666667
5;22;29.641;32.53333333333333
36;13;29.626;48.18333333333333
26;13;29.624;45.1
36;31;29.62;39.96666666666667
36;43;29.619;40.3
2;31;29.619;40.25
2;43;29.619;40.483333333333334
29;48;29.617;46.21666666666667
29;41;29.617;46.05
20;35;29.616;52.75
35;17;29.615;50.86666666666667
35;23;29.615;51.06666666666667
48;13;29.57;56.81666666666667
24;23;29.565;51.43333333333333
40;2;29.54;38.78333333333333
27;35;29.539;57.916666666666664
35;22;29.538;49.6
24;13;29.529;53.05
41;9;29.524;54.63333333333333
41;10;29.524;54.766666666666666
37;14;29.519;28.583333333333332
40;36;29.506;37.666666666666664
41;49;29.489;55.016666666666666
13;49;29.489;54.6
13;47;29.488;54.43333333333333
13;9;29.488;54.78333333333333
13;10;29.488;54.766666666666666
37;49;29.483;49.68333333333333
2;38;29.482;49.5
14;35;29.474;38.7
45;20;29.459;49.9
24;48;29.389;50.96666666666667
24;41;29.388;50.833333333333336
23;10;29.387;55.0
41;47;29.378;54.71666666666667
29;17;29.369;45.75
15;45;29.369;28.5
29;23;29.368;46.016666666666666
28;41;29.356;43.3
3;26;29.346;41.68333333333333
3;29;29.345;41.05
3;37;29.345;41.46666666666667
48;49;29.336;55.21666666666667
48;9;29.336;55.15
48;47;29.335;54.68333333333333
13;41;29.321;54.95
45;41;29.321;55.8
13;1;29.321;54.88333333333333
41;11;29.32;54.81666666666667
13;38;29.32;54.7
50;44;29.311;44.583333333333336
29;44;29.311;44.85
47;44;29.311;44.666666666666664
14;48;29.293;38.81666666666667
26;17;29.284;45.516666666666666
28;17;29.284;45.65
13;11;29.284;54.78333333333333
26;23;29.284;45.96666666666667
28;23;29.284;45.983333333333334
1;17;29.282;48.85
1;23;29.281;49.11666666666667
27;41;29.278;55.2
38;41;29.277;54.93333333333333
23;20;29.271;50.46666666666667
22;35;29.27;47.583333333333336
4;3;29.254;44.3
36;48;29.223;46.28333333333333
36;41;29.222;46.1
48;38;29.22;55.28333333333333
48;41;29.22;55.0
48;1;29.22;54.95
38;35;29.203;56.016666666666666
21;2;29.187;33.6
23;35;29.184;55.416666666666664
23;11;29.183;55.06666666666667
12;45;29.172;27.933333333333334
21;29;29.169;31.233333333333334
23;33;29.132;55.06666666666667
32;7;29.114;33.3
32;27;29.114;33.2
23;9;29.107;54.05
23;49;29.107;54.0
23;47;29.107;53.78333333333333
23;42;29.092;57.083333333333336
17;42;29.092;57.21666666666667
45;33;29.09;55.35
2;17;29.072;45.083333333333336
20;23;29.071;45.38333333333333
50;17;29.071;44.86666666666667
2;23;29.071;45.28333333333333
50;23;29.071;45.15
50;38;29.064;48.2
41;20;29.061;47.516666666666666
12;5;29.053;20.866666666666667
48;10;29.051;54.86666666666667
41;48;29.002;53.68333333333333
45;48;29.0;54.13333333333333
23;1;28.999;53.1
50;18;28.996;43.36666666666667
47;18;28.996;43.6
29;18;28.995;43.9
33;44;28.97;44.166666666666664
10;44;28.969;44.43333333333333
46;14;28.967;31.666666666666668
26;41;28.954;42.78333333333333
35;42;28.954;50.05
3;4;28.951;44.53333333333333
39;18;28.937;42.916666666666664
27;50;28.929;53.56666666666667
23;17;28.92;53.8
44;4;28.918;38.88333333333333
18;4;28.918;38.833333333333336
31;50;28.916;48.13333333333333
13;20;28.891;46.13333333333333
47;34;28.89;44.416666666666664
13;48;28.877;52.61666666666667
34;14;28.869;26.1
28;48;28.869;41.266666666666666
21;26;28.866;31.5
14;42;28.848;38.68333333333333
48;11;28.847;54.93333333333333
12;28;28.842;30.733333333333334
21;36;28.834;31.583333333333332
42;20;28.823;47.416666666666664
23;24;28.82;53.5
47;4;28.8;39.81666666666667
48;33;28.796;54.93333333333333
27;48;28.791;53.4
38;48;28.79;53.11666666666667
9;22;28.787;48.95
49;22;28.786;48.85
7;12;28.783;27.466666666666665
20;13;28.766;46.13333333333333
42;49;28.744;52.71666666666667
42;9;28.743;52.733333333333334
42;47;28.743;52.38333333333333
42;10;28.743;52.75
36;17;28.742;46.03333333333333
36;23;28.741;45.983333333333334
17;38;28.72;55.43333333333333
42;23;28.701;52.7
20;42;28.694;45.95
35;38;28.694;49.95
18;39;28.692;45.86666666666667
44;39;28.692;45.6
45;35;28.687;53.266666666666666
13;35;28.687;52.483333333333334
41;35;28.687;52.81666666666667
42;11;28.678;52.25
42;35;28.678;52.43333333333333
37;23;28.677;45.05
37;17;28.677;44.833333333333336
6;45;28.677;26.85
48;35;28.676;54.36666666666667
25;7;28.671;23.6
43;20;28.658;48.516666666666666
33;18;28.654;42.983333333333334
10;18;28.654;43.266666666666666
17;23;28.642;52.733333333333334
1;44;28.641;44.45
42;33;28.627;52.13333333333333
48;42;28.613;55.35
27;42;28.599;54.03333333333333
17;50;28.587;51.61666666666667
37;44;28.584;42.916666666666664
41;33;28.578;53.45
40;26;28.534;39.63333333333333
40;37;28.533;39.21666666666667
21;14;28.533;29.783333333333335
40;29;28.533;38.93333333333333
10;34;28.525;46.15
13;33;28.499;53.05
22;38;28.497;44.733333333333334
48;20;28.494;46.61666666666667
48;24;28.484;53.4
39;45;28.483;26.633333333333333
42;13;28.474;52.93333333333333
24;44;28.473;44.63333333333333
26;48;28.467;41.03333333333333
11;44;28.438;44.333333333333336
14;50;28.412;32.86666666666667
42;17;28.411;51.05
2;42;28.41;44.18333333333333
50;42;28.41;44.1
4;44;28.399;40.5
14;23;28.399;34.46666666666667
4;18;28.398;40.733333333333334
41;42;28.395;53.81666666666667
14;17;28.387;34.35
32;14;28.387;34.85
5;44;28.383;25.05
47;46;28.368;46.05
33;34;28.328;44.1
1;18;28.325;42.833333333333336
45;42;28.316;54.5
13;42;28.316;53.38333333333333
38;42;28.316;54.016666666666666
42;24;28.315;50.68333333333333
35;48;28.307;45.61666666666667
21;37;28.306;29.066666666666666
35;41;28.306;45.53333333333333
35;44;28.28;42.2
37;18;28.268;41.86666666666667
39;36;28.266;39.083333333333336
39;37;28.266;39.2
39;29;28.266;38.95
39;2;28.266;39.53333333333333
41;24;28.266;52.0
11;34;28.261;47.333333333333336
17;48;28.258;52.56666666666667
17;41;28.258;52.25
25;45;28.243;22.983333333333334
33;4;28.238;39.416666666666664
1;4;28.238;39.666666666666664
10;4;28.238;39.9
37;4;28.237;39.7
6;28;28.233;29.5
17;13;28.217;52.65
37;38;28.19;46.05
39;44;28.188;41.28333333333333
45;24;28.187;52.266666666666666
13;24;28.187;51.516666666666666
48;23;28.163;50.9
24;18;28.158;43.56666666666667
49;34;28.153;45.63333333333333
48;17;28.151;50.916666666666664
9;34;28.145;45.916666666666664
40;4;28.139;42.5
23;13;28.136;51.75
11;18;28.123;43.233333333333334
25;43;28.11;37.06666666666667
20;41;28.096;43.583333333333336
34;10;28.096;45.46666666666667
22;4;28.094;38.666666666666664
27;17;28.083;50.483333333333334
27;23;28.082;50.63333333333333
27;22;28.077;48.11666666666667
5;18;28.067;23.266666666666666
35;13;28.065;45.233333333333334
49;4;28.048;39.71666666666667
35;4;28.048;39.56666666666667
11;4;28.048;39.71666666666667
9;4;28.048;39.666666666666664
24;4;28.048;39.416666666666664
18;33;28.046;49.1
44;33;28.046;49.05
20;17;28.024;45.65
37;42;28.015;44.05
44;47;28.008;46.916666666666664
18;47;28.008;47.18333333333333
1;46;28.0;47.916666666666664
39;5;27.996;22.533333333333335
4;22;27.995;46.46666666666667
50;31;27.983;39.516666666666666
47;31;27.983;39.45
29;43;27.982;39.9
29;31;27.982;39.43333333333333
47;43;27.982;39.53333333333333
50;43;27.982;39.65
35;18;27.965;41.016666666666666
41;23;27.945;49.416666666666664
10;46;27.943;46.8
41;17;27.933;49.35
34;23;27.916;46.13333333333333
14;46;27.904;34.6
34;35;27.893;45.86666666666667
34;11;27.892;45.516666666666666
2;13;27.891;40.36666666666667
23;38;27.872;50.88333333333333
38;23;27.867;49.483333333333334
44;10;27.867;46.81666666666667
18;10;27.867;46.8
13;23;27.866;48.916666666666664
45;23;27.866;49.95
24;34;27.86;45.93333333333333
45;17;27.854;49.81666666666667
13;17;27.854;48.88333333333333
38;17;27.854;49.5
34;33;27.841;45.63333333333333
14;21;27.83;36.2
12;36;27.82;33.63333333333333
34;49;27.817;44.61666666666667
34;47;27.816;44.11666666666667
34;9;27.816;44.63333333333333
18;35;27.805;46.53333333333333
44;35;27.805;46.3
38;50;27.771;48.93333333333333
35;34;27.769;45.916666666666664
2;48;27.763;39.5
50;48;27.763;39.3
2;41;27.763;39.266666666666666
50;41;27.762;39.13333333333333
28;4;27.761;39.13333333333333
29;4;27.761;39.166666666666664
26;4;27.761;38.85
36;4;27.761;39.15
50;4;27.761;38.88333333333333
20;4;27.761;39.333333333333336
2;4;27.761;39.1
33;46;27.745;44.61666666666667
4;20;27.743;46.46666666666667
18;24;27.739;46.916666666666664
44;24;27.739;46.61666666666667
9;18;27.708;40.95
34;1;27.708;43.56666666666667
5;21;27.697;34.86666666666667
34;17;27.695;44.68333333333333
11;46;27.679;48.016666666666666
18;11;27.662;46.9
44;11;27.662;46.983333333333334
23;50;27.654;47.53333333333333
42;48;27.644;50.63333333333333
42;1;27.644;50.11666666666667
42;38;27.644;50.53333333333333
42;41;27.644;50.43333333333333
33;31;27.641;38.71666666666667
10;31;27.641;39.36666666666667
33;43;27.64;39.15
10;43;27.64;39.36666666666667
18;1;27.628;50.21666666666667
40;3;27.627;41.666666666666664
44;1;27.627;49.8
22;23;27.611;43.083333333333336
31;4;27.609;37.983333333333334
20;48;27.609;41.68333333333333
43;4;27.609;37.983333333333334
44;9;27.574;45.5
18;9;27.574;45.733333333333334
9;46;27.562;46.53333333333333
14;22;27.561;26.55
5;40;27.533;24.683333333333334
34;24;27.529;44.083333333333336
9;44;27.529;41.56666666666667
49;44;27.529;41.516666666666666
7;6;27.484;24.883333333333333
50;13;27.473;38.93333333333333
34;42;27.456;46.4
37;13;27.454;40.86666666666667
17;22;27.449;49.2
5;32;27.429;32.28333333333333
7;32;27.429;32.68333333333333
29;46;27.425;41.18333333333333
4;50;27.372;46.75
37;41;27.368;39.233333333333334
37;48;27.368;39.5
4;33;27.368;44.31666666666667
49;46;27.358;46.45
1;34;27.357;43.55
1;31;27.312;38.983333333333334
1;43;27.311;38.983333333333334
23;41;27.307;49.333333333333336
23;48;27.307;49.53333333333333
24;46;27.277;46.583333333333336
22;17;27.264;42.28333333333333
37;31;27.255;37.95
37;43;27.255;37.916666666666664
13;50;27.242;43.5
45;50;27.242;43.71666666666667
7;39;27.239;27.733333333333334
43;50;27.213;46.3
49;18;27.213;40.45
6;36;27.211;32.233333333333334
14;34;27.21;31.65
4;10;27.189;42.13333333333333
48;50;27.174;45.36666666666667
18;14;27.172;23.3
44;14;27.172;23.333333333333332
24;31;27.145;39.583333333333336
24;43;27.144;39.61666666666667
18;49;27.137;44.0
44;49;27.137;44.06666666666667
12;29;27.113;33.25
11;31;27.11;39.21666666666667
11;43;27.109;39.3
46;49;27.102;46.13333333333333
46;10;27.101;46.28333333333333
46;9;27.101;46.25
46;47;27.101;45.666666666666664
12;4;27.1;39.86666666666667
42;34;27.071;48.4
41;50;27.067;43.983333333333334
4;17;27.045;42.05
4;23;27.045;42.266666666666666
4;49;27.045;42.1
4;9;27.045;41.9
4;24;27.045;41.9
4;35;27.045;42.083333333333336
4;40;27.037;43.233333333333334
36;46;27.031;41.25
4;11;26.985;42.28333333333333
22;34;26.97;43.31666666666667
2;34;26.97;43.483333333333334
26;34;26.97;43.21666666666667
37;34;26.97;43.4
36;34;26.97;43.28333333333333
50;34;26.97;43.35
28;34;26.97;43.5
20;34;26.97;43.43333333333333
29;34;26.97;43.38333333333333
34;22;26.966;44.78333333333333
34;50;26.965;44.666666666666664
34;20;26.965;45.3
35;31;26.952;37.083333333333336
35;43;26.951;37.166666666666664
22;42;26.949;42.233333333333334
23;34;26.933;47.733333333333334
17;34;26.933;47.8
23;22;26.906;47.43333333333333
42;50;26.902;45.983333333333334
42;22;26.902;46.05
39;26;26.899;43.53333333333333
46;20;26.898;41.233333333333334
28;46;26.879;37.81666666666667
3;20;26.849;41.6
12;3;26.829;39.03333333333333
46;48;26.825;47.06666666666667
46;41;26.825;46.733333333333334
46;38;26.825;47.06666666666667
46;1;26.825;46.75
46;13;26.825;46.56666666666667
27;46;26.801;49.483333333333334
13;46;26.8;48.9
38;46;26.8;49.25
45;46;26.8;49.7
41;46;26.8;49.06666666666667
48;46;26.745;49.516666666666666
38;22;26.737;45.95
17;4;26.71;40.05
34;4;26.661;34.85
31;33;26.656;45.28333333333333
31;47;26.618;42.983333333333334
46;11;26.612;46.03333333333333
27;44;26.574;41.96666666666667
46;33;26.562;45.78333333333333
42;46;26.53;48.8
6;26;26.505;31.9
6;29;26.505;31.583333333333332
47;3;26.493;34.166666666666664
31;10;26.477;43.083333333333336
48;34;26.454;46.13333333333333
46;35;26.441;45.31666666666667
31;35;26.416;42.46666666666667
46;23;26.393;45.11666666666667
48;22;26.39;44.266666666666666
40;20;26.384;40.2
4;42;26.383;41.21666666666667
46;42;26.378;46.2
35;46;26.367;42.25
31;24;26.349;42.833333333333336
27;4;26.334;38.483333333333334
6;4;26.31;37.5
44;3;26.305;39.06666666666667
18;3;26.305;39.25
31;3;26.305;39.1
43;3;26.305;39.05
10;3;26.302;34.71666666666667
4;43;26.281;38.96666666666667
4;31;26.281;38.85
31;11;26.273;43.36666666666667
17;46;26.273;48.36666666666667
34;13;26.266;41.0
34;48;26.266;41.416666666666664
34;41;26.265;41.28333333333333
34;38;26.265;41.11666666666667
27;18;26.258;40.46666666666667
46;24;26.249;44.416666666666664
41;34;26.236;44.583333333333336
4;47;26.225;43.68333333333333
4;1;26.223;44.45
9;31;26.201;36.3
49;31;26.2;36.28333333333333
9;43;26.2;36.46666666666667
49;43;26.199;36.5
23;46;26.193;47.5
17;44;26.191;41.93333333333333
31;9;26.184;41.96666666666667
41;22;26.172;42.766666666666666
46;17;26.172;43.766666666666666
23;4;26.167;38.2
27;34;26.158;44.766666666666666
38;34;26.157;44.733333333333334
45;34;26.157;45.03333333333333
13;34;26.157;44.016666666666666
44;23;26.145;41.55
18;23;26.145;41.43333333333333
47;21;26.109;37.983333333333334
25;5;26.1;16.45
22;3;26.084;34.81666666666667
40;14;26.084;24.983333333333334
6;3;26.039;36.71666666666667
24;3;26.038;35.71666666666667
11;3;26.038;35.916666666666664
35;3;26.038;35.81666666666667
49;3;26.038;35.81666666666667
9;3;26.038;35.93333333333333
38;4;25.999;36.68333333333333
3;18;25.973;36.666666666666664
3;44;25.973;36.583333333333336
4;12;25.959;40.63333333333333
3;22;25.948;41.68333333333333
3;50;25.945;41.7
33;3;25.931;33.583333333333336
17;18;25.875;40.93333333333333
18;38;25.843;41.2
44;38;25.843;40.86666666666667
3;40;25.827;42.15
3;14;25.815;23.083333333333332
4;14;25.815;22.616666666666667
4;38;25.81;38.45
18;17;25.799;40.666666666666664
44;17;25.799;40.61666666666667
39;4;25.793;34.86666666666667
14;44;25.751;21.083333333333332
31;49;25.747;40.45
1;21;25.741;39.68333333333333
31;1;25.737;42.53333333333333
42;4;25.72;34.93333333333333
34;46;25.719;39.6
34;44;25.708;37.416666666666664
10;21;25.684;38.63333333333333
14;4;25.659;22.166666666666668
45;32;25.651;38.13333333333333
48;4;25.651;35.0
23;44;25.649;40.05
42;44;25.645;38.666666666666664
20;46;25.619;37.266666666666666
3;33;25.59;40.833333333333336
37;3;25.583;34.333333333333336
1;3;25.583;34.71666666666667
22;41;25.558;37.733333333333334
22;48;25.558;38.016666666666666
22;13;25.558;37.35
3;49;25.552;39.266666666666666
3;35;25.551;39.4
3;24;25.551;39.2
3;17;25.551;39.233333333333334
3;23;25.551;39.53333333333333
3;9;25.551;38.65
3;47;25.551;38.516666666666666
3;11;25.551;39.166666666666664
3;10;25.551;39.2
44;34;25.505;41.7
18;34;25.505;41.78333333333333
33;21;25.486;36.333333333333336
40;22;25.484;40.25
44;42;25.484;40.35
18;42;25.484;40.483333333333334
45;4;25.482;33.983333333333334
13;4;25.482;33.36666666666667
40;50;25.48;40.233333333333334
38;44;25.48;38.71666666666667
41;4;25.433;33.45
4;13;25.428;35.666666666666664
11;21;25.42;39.766666666666666
21;20;25.394;33.36666666666667
34;18;25.392;36.3
40;44;25.388;35.3
40;18;25.388;35.56666666666667
4;48;25.37;35.483333333333334
4;41;25.369;35.46666666666667
43;33;25.368;42.61666666666667
23;18;25.333;39.03333333333333
43;47;25.33;40.4
42;18;25.329;37.666666666666664
47;40;25.319;35.5
9;21;25.304;38.233333333333334
3;1;25.275;38.31666666666667
26;3;25.249;33.93333333333333
36;3;25.249;34.1
20;3;25.249;34.25
28;3;25.249;33.85
50;3;25.248;33.4
29;3;25.248;34.11666666666667
27;31;25.245;36.88333333333333
27;43;25.245;36.766666666666666
12;14;25.224;22.016666666666666
39;22;25.215;42.416666666666664
25;39;25.207;40.65
43;10;25.189;40.416666666666664
29;21;25.166;32.86666666666667
38;18;25.164;37.233333333333334
48;44;25.133;37.1
10;40;25.128;35.983333333333334
7;25;25.128;26.5
43;35;25.127;39.916666666666664
40;33;25.126;39.3
49;21;25.099;38.266666666666666
40;24;25.087;38.0
40;35;25.087;38.15
40;10;25.087;37.75
40;47;25.087;37.583333333333336
40;49;25.087;37.86666666666667
40;9;25.087;37.833333333333336
40;17;25.087;37.86666666666667
40;23;25.087;38.25
40;11;25.087;37.68333333333333
46;34;25.07;41.5
21;10;25.069;36.9
4;6;25.066;37.88333333333333
34;3;25.061;31.15
30;27;25.028;17.7
24;21;25.018;38.13333333333333
22;46;25.012;36.2
2;46;25.011;35.96666666666667
37;46;25.011;36.016666666666666
26;46;25.011;35.78333333333333
50;46;25.011;35.95
43;11;24.985;40.516666666666666
46;22;24.977;39.766666666666666
46;50;24.977;39.75
21;46;24.937;38.46666666666667
3;12;24.929;39.983333333333334
41;44;24.914;35.38333333333333
16;45;24.913;30.933333333333334
45;22;24.912;41.916666666666664
13;22;24.912;41.46666666666667
22;40;24.91;36.18333333333333
43;9;24.896;38.85
3;42;24.89;38.43333333333333
21;23;24.888;37.63333333333333
21;11;24.865;36.733333333333334
21;35;24.865;36.95
49;40;24.864;37.13333333333333
35;40;24.864;37.083333333333336
24;40;24.864;36.96666666666667
9;40;24.864;37.28333333333333
11;40;24.864;37.233333333333334
17;31;24.862;36.766666666666666
17;43;24.861;36.81666666666667
43;24;24.856;40.983333333333334
22;39;24.838;38.06666666666667
48;18;24.817;35.78333333333333
21;33;24.814;36.55
40;1;24.81;36.833333333333336
41;21;24.809;41.36666666666667
21;9;24.789;35.75
21;49;24.789;35.9
21;47;24.789;35.15
36;21;24.772;32.983333333333334
2;3;24.764;33.8
33;40;24.757;34.916666666666664
31;23;24.756;38.11666666666667
21;48;24.734;37.516666666666666
21;13;24.734;36.983333333333334
21;38;24.734;37.25
21;41;24.734;37.28333333333333
21;1;24.734;36.916666666666664
4;34;24.731;39.71666666666667
6;14;24.729;20.483333333333334
25;4;24.703;36.8
25;3;24.703;36.96666666666667
17;3;24.7;36.18333333333333
12;20;24.698;36.083333333333336
40;12;24.672;39.516666666666666
21;17;24.668;36.21666666666667
48;21;24.648;41.93333333333333
21;24;24.61;35.88333333333333
43;1;24.606;40.8
21;42;24.604;38.3
41;18;24.599;34.2
39;25;24.597;42.75
6;12;24.592;38.21666666666667
3;34;24.563;37.016666666666666
40;34;24.563;37.11666666666667
27;21;24.542;41.36666666666667
45;21;24.541;41.55
38;21;24.541;41.233333333333334
13;21;24.541;40.96666666666667
46;21;24.541;40.61666666666667
43;49;24.459;37.55
31;38;24.453;37.13333333333333
3;31;24.443;36.61666666666667
3;43;24.442;36.666666666666664
25;2;24.43;35.18333333333333
25;36;24.43;35.583333333333336
25;26;24.43;35.71666666666667
25;37;24.43;35.35
25;29;24.43;35.3
25;44;24.426;35.8
25;28;24.426;35.61666666666667
25;31;24.426;35.53333333333333
25;18;24.426;35.61666666666667
40;42;24.425;37.15
31;17;24.41;36.53333333333333
1;40;24.409;36.13333333333333
37;40;24.409;35.61666666666667
34;31;24.379;32.43333333333333
34;43;24.378;32.35
34;40;24.364;34.666666666666664
26;40;24.364;34.9
50;40;24.364;34.95
28;40;24.364;34.95
29;40;24.364;34.85
2;40;24.364;35.03333333333333
20;40;24.364;35.416666666666664
21;4;24.363;29.033333333333335
35;21;24.36;35.43333333333333
27;3;24.325;34.78333333333333
23;31;24.32;34.7
23;43;24.319;34.916666666666664
42;31;24.316;33.166666666666664
3;38;24.316;35.71666666666667
42;43;24.315;33.7
42;21;24.271;40.86666666666667
14;40;24.213;24.166666666666668
32;36;24.185;25.933333333333334
23;3;24.158;34.36666666666667
38;31;24.151;33.38333333333333
38;43;24.15;33.35
40;6;24.148;38.53333333333333
31;34;24.116;37.916666666666664
39;3;24.098;35.15
31;42;24.095;37.1
18;41;24.093;36.45
18;48;24.093;36.45
18;13;24.093;36.416666666666664
44;48;24.093;36.18333333333333
44;13;24.093;36.18333333333333
44;41;24.093;36.28333333333333
6;20;24.089;34.35
36;40;24.075;35.31666666666667
12;40;24.036;36.81666666666667
17;21;24.015;40.36666666666667
12;6;24.01;37.06666666666667
38;3;23.989;32.88333333333333
3;6;23.944;37.43333333333333
3;13;23.934;32.95
23;21;23.934;39.53333333333333
3;48;23.876;32.81666666666667
3;41;23.875;32.65
40;38;23.852;34.53333333333333
4;46;23.838;32.85
48;31;23.804;31.8
48;43;23.803;31.716666666666665
12;22;23.798;35.93333333333333
40;48;23.795;32.266666666666666
40;41;23.795;32.2
40;13;23.795;31.833333333333332
46;4;23.795;28.9
12;50;23.794;35.81666666666667
6;40;23.752;36.15
46;44;23.719;32.5
42;3;23.71;31.333333333333332
12;26;23.698;34.6
12;2;23.697;34.28333333333333
12;37;23.697;34.266666666666666
12;31;23.694;34.28333333333333
12;44;23.693;34.4
12;43;23.693;34.35
12;18;23.693;34.4
45;44;23.654;34.61666666666667
13;44;23.654;34.083333333333336
48;3;23.642;31.233333333333334
34;21;23.608;33.416666666666664
41;31;23.586;30.0
41;43;23.585;30.266666666666666
42;40;23.581;34.31666666666667
21;34;23.566;34.05
47;12;23.565;30.783333333333335
4;39;23.562;37.85
39;33;23.552;39.833333333333336
18;46;23.547;34.4
44;46;23.546;34.35
43;23;23.529;35.9
17;40;23.526;37.583333333333336
39;47;23.514;37.7
39;20;23.507;42.03333333333333
45;3;23.502;30.216666666666665
13;3;23.502;29.4
44;40;23.445;34.55
12;33;23.44;34.916666666666664
41;3;23.423;29.983333333333334
46;18;23.404;31.466666666666665
12;35;23.401;33.53333333333333
12;49;23.401;33.06666666666667
12;17;23.401;33.18333333333333
12;9;23.401;32.983333333333334
12;24;23.401;33.21666666666667
12;23;23.4;33.666666666666664
12;10;23.4;33.31666666666667
12;47;23.4;33.2
12;11;23.4;33.3
10;12;23.375;31.283333333333335
39;10;23.373;37.8
13;18;23.339;32.61666666666667
45;18;23.339;33.31666666666667
39;35;23.311;37.61666666666667
7;16;23.261;30.366666666666667
5;16;23.261;30.283333333333335
14;16;23.26;30.55
40;46;23.248;30.9
3;46;23.248;30.433333333333334
31;25;23.245;40.583333333333336
43;25;23.245;40.53333333333333
44;25;23.245;40.416666666666664
18;25;23.245;40.666666666666664
6;22;23.189;34.083333333333336
6;50;23.185;34.05
15;2;23.173;19.633333333333333
46;3;23.172;27.55
39;11;23.169;37.833333333333336
43;38;23.165;34.25
22;12;23.157;31.65
27;40;23.15;36.016666666666666
21;3;23.136;26.9
12;1;23.124;32.416666666666664
35;12;23.111;32.35
11;12;23.111;32.483333333333334
9;12;23.111;32.38333333333333
24;12;23.111;32.25
49;12;23.11;32.25
39;9;23.08;36.15
39;24;23.04;38.333333333333336
33;12;23.003;30.466666666666665
6;37;22.993;32.25
6;2;22.993;31.9
6;44;22.989;32.53333333333333
6;31;22.989;32.333333333333336
6;18;22.988;32.483333333333334
6;43;22.988;32.43333333333333
23;40;22.983;35.61666666666667
32;2;22.867;25.35
18;12;22.847;34.85
31;12;22.847;34.71666666666667
44;12;22.847;34.68333333333333
43;12;22.847;34.86666666666667
6;33;22.831;33.46666666666667
28;39;22.83;38.43333333333333
20;39;22.817;36.416666666666664
36;39;22.817;36.4
2;39;22.816;36.2
29;39;22.816;36.5
47;39;22.816;35.93333333333333
26;39;22.816;36.11666666666667
50;39;22.816;36.25
38;40;22.815;34.18333333333333
41;40;22.805;33.4
13;40;22.804;33.416666666666664
45;40;22.804;34.13333333333333
6;10;22.792;31.516666666666666
6;23;22.792;31.95
31;40;22.792;35.5
6;35;22.792;31.6
43;40;22.792;35.53333333333333
6;49;22.792;31.05
18;40;22.792;35.56666666666667
6;24;22.792;31.8
6;11;22.792;31.466666666666665
6;9;22.792;31.616666666666667
6;17;22.792;31.383333333333333
6;47;22.792;31.8
39;1;22.79;38.266666666666666
12;42;22.739;32.88333333333333
48;32;22.733;29.183333333333334
12;34;22.721;31.683333333333334
43;17;22.706;34.916666666666664
31;13;22.704;31.95
31;48;22.704;32.5
31;41;22.703;32.516666666666666
39;14;22.679;15.016666666666667
37;12;22.656;30.883333333333333
1;12;22.656;31.533333333333335
37;39;22.653;36.96666666666667
39;49;22.643;34.85
21;22;22.637;31.05
21;50;22.636;31.183333333333334
41;32;22.626;28.05
4;25;22.579;40.31666666666667
47;32;22.574;27.1
6;1;22.515;31.066666666666666
33;39;22.475;35.666666666666664
10;39;22.474;35.93333333333333
46;40;22.474;31.35
48;40;22.467;32.53333333333333
21;40;22.438;30.55
43;34;22.412;36.4
46;31;22.391;27.033333333333335
43;42;22.391;35.45
46;43;22.39;27.4
15;32;22.328;28.666666666666668
13;31;22.326;28.866666666666667
45;31;22.326;29.216666666666665
45;43;22.325;29.383333333333333
13;43;22.325;28.716666666666665
36;12;22.322;30.8
29;12;22.321;30.816666666666666
50;12;22.321;30.016666666666666
20;12;22.321;30.7
28;12;22.321;30.683333333333334
2;12;22.321;30.2
26;12;22.321;30.416666666666668
30;43;22.317;26.616666666666667
47;6;22.266;28.166666666666668
35;39;22.186;35.31666666666667
12;38;22.166;30.3
31;46;22.157;30.8
40;21;22.151;32.81666666666667
1;39;22.146;35.45
6;42;22.131;30.983333333333334
6;34;22.112;30.016666666666666
34;12;22.106;28.9
10;6;22.075;29.116666666666667
39;50;22.062;39.78333333333333
24;39;21.978;36.483333333333334
12;48;21.953;26.816666666666666
12;41;21.952;26.866666666666667
11;39;21.943;35.88333333333333
10;32;21.917;24.433333333333334
26;21;21.883;30.466666666666665
22;21;21.883;30.616666666666667
50;21;21.883;30.466666666666665
20;21;21.883;30.783333333333335
2;21;21.883;30.7
28;21;21.883;30.383333333333333
3;21;21.882;30.566666666666666
37;21;21.882;30.383333333333333
4;21;21.882;30.35
22;6;21.858;29.083333333333332
40;31;21.816;32.983333333333334
40;43;21.815;33.21666666666667
24;6;21.812;29.866666666666667
35;6;21.812;30.066666666666666
9;6;21.812;30.083333333333332
11;6;21.811;30.0
49;6;21.811;30.0
32;16;21.793;33.21666666666667
12;13;21.784;26.966666666666665
17;12;21.772;32.9
39;23;21.713;32.983333333333334
32;28;21.708;22.8
33;6;21.704;27.933333333333334
49;39;21.677;31.433333333333334
11;32;21.653;25.533333333333335
33;32;21.564;25.75
6;38;21.557;28.183333333333334
9;39;21.528;33.35
34;6;21.444;26.566666666666666
27;12;21.397;31.416666666666668
21;44;21.379;23.85
39;17;21.367;31.9
1;6;21.357;29.15
37;6;21.356;28.533333333333335
39;38;21.349;32.166666666666664
6;48;21.344;25.216666666666665
6;41;21.344;25.35
9;32;21.326;25.883333333333333
25;22;21.312;34.03333333333333
25;50;21.308;33.96666666666667
12;21;21.291;29.566666666666666
24;32;21.251;24.433333333333334
25;12;21.245;32.766666666666666
23;12;21.23;31.016666666666666
25;40;21.19;33.28333333333333
8;27;21.188;14.15
6;13;21.175;25.2
25;30;21.111;32.81666666666667
39;34;21.073;33.516666666666666
12;46;21.063;27.866666666666667
21;18;21.063;22.933333333333334
18;6;21.061;30.0
38;12;21.061;29.65
39;42;21.052;32.03333333333333
29;6;21.022;28.283333333333335
50;6;21.022;27.716666666666665
26;6;21.022;28.016666666666666
20;6;21.022;28.15
2;6;21.022;27.95
28;6;21.022;27.933333333333334
36;6;21.022;28.316666666666666
43;41;21.0;30.9
43;48;21.0;30.95
43;13;21.0;30.916666666666668
25;33;20.953;33.88333333333333
25;49;20.915;31.583333333333332
25;35;20.915;31.466666666666665
25;17;20.915;31.4
25;24;20.915;31.916666666666668
25;9;20.914;31.1
25;10;20.914;31.1
25;23;20.914;31.766666666666666
25;11;20.914;31.283333333333335
31;6;20.909;31.083333333333332
43;6;20.908;30.766666666666666
44;6;20.908;30.9
21;12;20.875;25.483333333333334
6;21;20.796;27.75
42;12;20.783;27.783333333333335
3;25;20.741;38.016666666666666
21;32;20.74;26.066666666666666
48;12;20.714;27.883333333333333
32;21;20.705;33.75
30;25;20.69;34.016666666666666
35;32;20.69;23.216666666666665
39;12;20.64;30.783333333333335
32;29;20.634;22.8
32;37;20.634;23.216666666666665
32;26;20.634;23.666666666666668
32;13;20.633;33.3
39;40;20.585;31.45
6;46;20.569;26.383333333333333
45;12;20.546;28.266666666666666
41;12;20.546;27.683333333333334
13;12;20.546;27.383333333333333
21;6;20.538;25.4
19;27;20.53;12.966666666666667
42;6;20.528;27.116666666666667
39;30;20.494;30.566666666666666
25;20;20.473;35.7
17;6;20.473;30.45
17;39;20.456;33.583333333333336
43;46;20.453;29.266666666666666
18;21;20.418;29.216666666666665
44;21;20.418;29.166666666666668
15;16;20.36;26.75
42;32;20.324;26.516666666666666
17;32;20.324;26.55
23;32;20.324;26.75
13;32;20.323;26.516666666666666
46;32;20.323;26.533333333333335
15;27;20.32;24.966666666666665
15;7;20.32;24.966666666666665
15;5;20.319;24.916666666666668
15;14;20.319;25.333333333333332
25;42;20.253;31.083333333333332
7;15;20.252;29.15
14;15;20.252;28.666666666666668
5;15;20.252;28.45
40;25;20.225;36.36666666666667
46;12;20.216;25.3
43;30;20.2;27.25
7;30;20.187;12.233333333333333
32;49;20.141;30.9
27;6;20.098;29.083333333333332
27;39;20.079;33.15
23;6;19.931;28.5
30;3;19.801;25.916666666666668
30;4;19.801;25.7
38;6;19.762;27.166666666666668
13;6;19.752;26.1
45;6;19.752;26.9
41;6;19.752;26.333333333333332
3;39;19.748;35.53333333333333
12;25;19.729;35.13333333333333
25;38;19.679;28.016666666666666
39;13;19.661;28.316666666666666
39;48;19.661;28.333333333333332
39;41;19.661;28.433333333333334
46;6;19.644;24.25
12;39;19.633;32.63333333333333
9;25;19.457;32.03333333333333
35;25;19.457;31.883333333333333
24;25;19.457;31.883333333333333
49;25;19.456;32.166666666666664
11;25;19.456;32.0
1;32;19.452;28.566666666666666
48;6;19.415;25.866666666666667
30;39;19.414;30.366666666666667
22;25;19.391;33.28333333333333
8;45;19.372;16.633333333333333
25;6;19.307;28.666666666666668
25;13;19.298;25.0
25;48;19.239;24.85
25;41;19.239;24.766666666666666
26;32;19.156;23.183333333333334
40;32;19.156;23.733333333333334
29;32;19.156;23.233333333333334
2;32;19.156;23.316666666666666
20;32;19.156;23.566666666666666
36;32;19.156;23.116666666666667
34;32;19.156;23.266666666666666
22;32;19.156;23.616666666666667
50;32;19.156;23.183333333333334
37;32;19.156;23.4
28;32;19.156;23.066666666666666
4;32;19.155;23.25
3;32;19.155;23.783333333333335
34;39;19.155;28.433333333333334
38;39;19.137;29.466666666666665
39;46;19.114;26.366666666666667
13;39;19.111;25.45
45;39;19.111;25.8
48;39;19.1;27.15
23;39;19.096;31.266666666666666
42;39;19.092;30.016666666666666
31;21;19.028;25.966666666666665
6;25;19.024;33.266666666666666
25;47;18.955;33.65
25;1;18.954;34.18333333333333
6;39;18.928;30.616666666666667
15;23;18.875;24.066666666666666
32;38;18.872;32.4
32;1;18.865;32.38333333333333
15;11;18.852;23.666666666666668
15;35;18.852;23.733333333333334
39;6;18.846;26.133333333333333
15;33;18.801;23.15
15;49;18.776;23.066666666666666
32;15;18.771;30.066666666666666
15;48;18.721;23.383333333333333
15;38;18.721;23.766666666666666
15;46;18.721;23.95
15;13;18.721;23.5
15;41;18.721;23.616666666666667
15;1;18.721;23.283333333333335
19;45;18.714;15.433333333333334
15;17;18.655;22.283333333333335
21;43;18.646;21.733333333333334
21;31;18.646;21.933333333333334
25;46;18.611;22.5
6;32;18.601;20.183333333333334
15;42;18.59;24.45
15;21;18.588;25.35
32;23;18.569;29.55
16;32;18.552;30.316666666666666
32;35;18.546;29.2
32;33;18.494;28.55
15;24;18.489;22.066666666666666
49;32;18.453;25.85
32;48;18.415;29.033333333333335
32;41;18.415;29.066666666666666
32;46;18.415;29.816666666666666
15;10;18.407;20.216666666666665
15;9;18.407;20.266666666666666
32;47;18.405;29.933333333333334
12;32;18.395;22.183333333333334
41;39;18.362;26.683333333333334
38;32;18.342;31.366666666666667
36;25;18.336;32.8
20;25;18.336;32.63333333333333
28;25;18.335;32.65
2;25;18.335;32.85
26;25;18.335;32.483333333333334
50;25;18.335;32.6
29;25;18.335;32.833333333333336
47;25;18.335;32.416666666666664
32;42;18.284;29.916666666666668
16;5;18.278;29.333333333333332
16;27;18.278;29.15
16;7;18.278;29.083333333333332
16;14;18.278;29.15
11;15;18.275;20.583333333333332
15;47;18.261;20.483333333333334
18;30;18.198;26.633333333333333
31;30;18.198;26.25
44;30;18.197;26.35
37;25;18.171;33.333333333333336
17;25;18.118;32.233333333333334
32;9;18.108;29.016666666666666
32;10;18.101;26.166666666666668
34;25;18.069;27.066666666666666
33;25;17.994;31.966666666666665
10;25;17.993;32.61666666666667
27;32;17.943;30.5
32;4;17.91;23.183333333333334
32;11;17.896;26.283333333333335
24;15;17.873;19.65
40;39;17.755;31.216666666666665
27;25;17.743;30.466666666666665
21;15;17.743;21.1
44;32;17.691;21.966666666666665
18;32;17.691;22.033333333333335
1;25;17.664;31.916666666666668
30;40;17.586;25.566666666666666
30;12;17.586;25.45
30;6;17.586;25.433333333333334
23;25;17.576;30.433333333333334
4;30;17.532;26.35
38;25;17.407;28.583333333333332
30;20;17.402;23.283333333333335
48;15;17.328;21.7
41;15;17.328;21.633333333333333
46;15;17.327;21.5
43;21;17.325;23.916666666666668
35;15;17.312;18.4
30;29;17.306;23.716666666666665
30;2;17.306;24.05
30;26;17.306;24.3
30;37;17.306;23.95
30;36;17.306;24.133333333333333
30;31;17.3;24.183333333333334
30;28;17.3;24.683333333333334
30;44;17.3;23.933333333333334
30;18;17.299;24.133333333333333
25;21;17.246;22.6
25;34;17.236;29.266666666666666
46;39;17.167;23.533333333333335
42;25;17.128;27.533333333333335
48;25;17.06;27.35
23;15;16.946;21.6
42;15;16.946;21.533333333333335
17;15;16.946;21.55
13;15;16.945;21.516666666666666
45;25;16.891;25.8
13;25;16.891;25.6
21;16;16.869;17.133333333333333
41;25;16.842;25.733333333333334
35;16;16.82;15.3
32;24;16.663;26.816666666666666
32;22;16.663;27.466666666666665
32;17;16.663;26.75
32;20;16.663;27.383333333333333
32;50;16.663;27.333333333333332
32;34;16.663;27.833333333333332
15;34;16.581;20.8
34;15;16.56;16.933333333333334
12;30;16.546;24.666666666666668
6;30;16.546;24.416666666666668
8;28;16.535;12.816666666666666
30;22;16.501;23.8
30;50;16.498;23.683333333333334
17;16;16.454;17.716666666666665
42;16;16.454;17.966666666666665
23;16;16.454;17.7
46;16;16.453;17.616666666666667
13;16;16.453;17.716666666666665
32;40;16.421;25.816666666666666
40;30;16.366;25.833333333333332
30;33;16.143;23.4
30;49;16.105;20.55
30;11;16.104;20.533333333333335
30;24;16.104;21.0
30;10;16.104;20.55
30;17;16.104;20.8
30;23;16.104;21.033333333333335
30;35;16.104;20.366666666666667
30;9;16.104;20.1
34;16;16.068;13.233333333333333
8;2;16.068;14.783333333333333
39;21;15.986;21.6
50;15;15.956;17.983333333333334
22;15;15.956;17.7
20;15;15.956;17.55
37;15;15.955;17.916666666666668
45;16;15.92;31.716666666666665
19;28;15.877;11.8
30;34;15.58;19.433333333333334
2;15;15.574;17.683333333333334
26;15;15.574;17.466666666666665
28;15;15.574;17.716666666666665
47;16;15.533;24.666666666666668
3;30;15.478;23.9
8;26;15.462;14.016666666666667
8;29;15.462;13.1
8;36;15.462;14.016666666666667
8;37;15.462;13.433333333333334
30;42;15.443;20.216666666666665
19;2;15.41;13.233333333333333
1;16;15.284;25.966666666666665
46;25;15.203;21.083333333333332
22;16;15.082;13.683333333333334
50;16;15.081;14.8
2;16;15.081;14.35
37;16;15.081;14.733333333333333
30;38;14.869;17.083333333333332
30;41;14.812;14.883333333333333
19;26;14.804;12.366666666666667
19;29;14.804;11.983333333333333
19;37;14.804;12.15
19;36;14.804;12.183333333333334
10;30;14.779;16.9
21;25;14.684;22.533333333333335
30;21;14.644;17.516666666666666
21;39;14.586;19.9
33;16;14.523;23.533333333333335
24;30;14.515;17.85
11;30;14.515;17.966666666666665
35;30;14.515;17.916666666666668
9;30;14.515;18.166666666666668
49;30;14.514;18.233333333333334
30;13;14.487;14.266666666666667
15;12;14.45;20.866666666666667
14;12;14.45;21.216666666666665
5;12;14.45;21.216666666666665
30;46;14.417;16.616666666666667
33;30;14.407;15.483333333333333
22;30;14.343;19.416666666666668
15;4;14.329;21.466666666666665
15;6;14.329;21.283333333333335
14;31;14.329;22.2
14;3;14.329;21.8
14;18;14.329;21.85
14;6;14.329;21.616666666666667
15;40;14.329;21.566666666666666
15;44;14.329;21.25
5;43;14.329;21.983333333333334
5;31;14.329;21.9
15;26;14.329;21.8
5;6;14.329;21.583333333333332
15;28;14.329;21.433333333333334
15;3;14.329;21.483333333333334
5;3;14.329;21.833333333333332
15;31;14.329;21.416666666666668
15;37;14.328;20.95
15;36;14.328;21.5
15;29;14.328;21.5
14;43;14.328;22.0
15;18;14.328;21.333333333333332
15;43;14.328;21.416666666666668
9;16;14.286;23.683333333333334
49;16;14.285;23.65
4;15;14.262;19.8
38;16;14.174;29.0
6;15;14.12;19.65
12;15;14.12;19.8
18;15;14.12;19.866666666666667
31;32;14.12;20.0
31;15;14.12;19.833333333333332
44;15;14.12;19.866666666666667
43;15;14.12;19.766666666666666
43;32;14.12;19.916666666666668
44;16;14.119;18.9
31;14;14.119;20.35
31;16;14.119;19.1
18;16;14.119;19.166666666666668
12;16;14.119;19.333333333333332
6;16;14.119;19.45
43;14;14.119;20.216666666666665
43;16;14.119;19.066666666666666
6;5;14.119;19.683333333333334
29;16;14.118;19.333333333333332
19;16;14.092;13.733333333333333
37;30;14.06;16.45
1;30;14.06;16.416666666666668
28;16;14.044;15.85
10;16;14.025;21.666666666666668
20;30;14.015;15.866666666666667
28;30;14.014;15.85
34;30;14.014;16.033333333333335
40;15;13.941;21.35
40;16;13.94;20.783333333333335
27;16;13.775;28.3
30;48;13.753;15.316666666666666
36;16;13.724;19.333333333333332
26;16;13.642;14.966666666666667
11;16;13.494;21.5
16;15;13.432;26.016666666666666
36;30;13.288;18.333333333333332
26;30;13.288;18.583333333333332
47;30;13.288;18.483333333333334
50;30;13.288;18.383333333333333
2;30;13.288;18.233333333333334
29;30;13.287;18.45
6;8;13.249;18.033333333333335
18;8;13.249;18.216666666666665
31;8;13.249;18.083333333333332
43;8;13.248;17.733333333333334
12;8;13.248;18.1
44;8;13.248;18.05
15;50;13.241;20.516666666666666
42;30;13.231;15.3
21;30;13.197;14.433333333333334
17;30;13.176;18.8
4;16;13.163;19.0
19;8;13.116;19.0
40;8;13.069;19.35
3;15;13.052;19.1
3;16;13.051;18.416666666666668
24;16;13.019;19.85
45;15;12.911;30.433333333333334
36;8;12.888;18.1
15;8;12.888;18.333333333333332
49;8;12.888;18.2
46;8;12.888;18.516666666666666
13;8;12.888;18.333333333333332
34;8;12.888;18.283333333333335
5;8;12.888;18.316666666666666
10;8;12.888;18.15
47;8;12.888;17.866666666666667
7;8;12.888;18.583333333333332
38;8;12.888;18.133333333333333
26;8;12.888;18.133333333333333
42;8;12.888;18.416666666666668
9;8;12.888;18.316666666666666
29;8;12.888;18.35
23;8;12.888;18.483333333333334
4;8;12.888;18.333333333333332
28;8;12.888;18.333333333333332
2;8;12.888;18.233333333333334
22;8;12.888;18.283333333333335
33;8;12.888;18.116666666666667
48;8;12.888;18.216666666666665
24;8;12.888;18.416666666666668
41;8;12.888;18.183333333333334
20;8;12.888;18.433333333333334
14;8;12.888;18.283333333333335
37;8;12.888;18.466666666666665
11;8;12.888;18.433333333333334
27;8;12.888;18.466666666666665
35;8;12.888;18.483333333333334
17;8;12.888;18.316666666666666
45;8;12.888;18.383333333333333
21;8;12.888;18.416666666666668
1;8;12.888;17.816666666666666
50;8;12.888;18.133333333333333
3;8;12.887;18.583333333333332
27;30;12.801;16.65
20;16;12.784;15.85
16;21;12.75;23.916666666666668
8;4;12.738;13.883333333333333
23;30;12.634;16.916666666666668
47;15;12.524;24.2
35;19;12.513;17.65
24;19;12.513;17.4
14;19;12.513;17.466666666666665
41;19;12.513;17.516666666666666
40;19;12.513;17.716666666666665
34;19;12.513;17.433333333333334
37;19;12.513;17.5
27;19;12.513;17.45
29;19;12.513;17.183333333333334
31;19;12.513;17.45
26;19;12.513;16.916666666666668
48;19;12.513;17.766666666666666
22;19;12.513;17.266666666666666
50;19;12.513;17.333333333333332
1;19;12.513;16.8
38;19;12.513;17.116666666666667
33;19;12.513;16.933333333333334
15;19;12.513;17.433333333333334
43;19;12.513;17.066666666666666
9;19;12.513;17.383333333333333
47;19;12.513;17.05
28;19;12.513;17.5
23;19;12.513;17.55
17;19;12.513;17.666666666666668
5;19;12.513;17.533333333333335
10;19;12.513;17.283333333333335
20;19;12.513;17.383333333333333
21;19;12.513;17.55
44;19;12.513;17.15
12;19;12.513;17.7
18;19;12.513;17.683333333333334
2;19;12.513;17.516666666666666
11;19;12.513;17.416666666666668
36;19;12.513;17.166666666666668
6;19;12.513;17.483333333333334
7;19;12.513;17.683333333333334
42;19;12.513;17.5
46;19;12.512;17.616666666666667
49;19;12.512;17.35
3;19;12.512;17.666666666666668
13;19;12.512;17.383333333333333
4;19;12.512;17.383333333333333
45;19;12.512;17.6
38;30;12.465;14.75
13;30;12.455;14.483333333333333
45;30;12.455;14.416666666666666
41;30;12.455;14.616666666666667
32;12;12.416;22.466666666666665
48;16;12.405;22.066666666666666
8;7;12.388;14.35
8;16;12.388;15.0
8;14;12.388;14.383333333333333
8;5;12.388;14.1
8;15;12.388;15.366666666666667
46;30;12.303;13.033333333333333
32;3;12.296;23.166666666666668
32;44;12.295;22.883333333333333
32;31;12.295;22.916666666666668
32;6;12.295;22.7
32;18;12.295;22.95
32;43;12.295;22.95
1;15;12.275;25.383333333333333
25;15;12.245;17.3
25;32;12.245;17.683333333333334
25;16;12.244;16.766666666666666
25;14;12.244;17.816666666666666
41;16;12.141;20.75
19;4;12.08;12.883333333333333
48;30;12.007;13.55
8;3;11.947;12.55
8;19;11.941;16.9
39;32;11.913;15.866666666666667
39;15;11.913;15.85
39;16;11.912;14.95
30;47;11.831;22.116666666666667
30;1;11.829;23.466666666666665
8;10;11.826;16.766666666666666
33;15;11.515;22.6
8;9;11.491;16.983333333333334
8;20;11.491;18.65
8;1;11.491;16.55
8;34;11.491;18.05
8;33;11.491;17.383333333333333
8;42;11.491;17.516666666666666
8;22;11.491;17.566666666666666
8;13;11.491;16.233333333333334
8;21;11.491;17.966666666666665
8;17;11.491;17.066666666666666
8;46;11.491;17.116666666666667
8;24;11.491;17.316666666666666
8;48;11.491;16.9
8;49;11.491;16.966666666666665
8;47;11.491;16.85
8;50;11.491;17.7
8;41;11.491;16.683333333333334
8;35;11.491;17.0
8;38;11.491;17.05
8;11;11.49;16.683333333333334
8;23;11.49;17.4
16;36;11.448;20.833333333333332
19;7;11.407;13.183333333333334
25;8;11.373;15.666666666666666
19;32;11.352;14.85
19;14;11.351;13.833333333333334
19;5;11.351;13.583333333333334
16;8;11.301;17.066666666666666
9;15;11.277;22.716666666666665
49;15;11.276;22.783333333333335
8;40;11.249;16.25
19;15;11.215;15.0
8;32;11.206;14.733333333333333
38;15;11.166;27.8
29;15;11.11;18.866666666666667
39;8;11.042;13.683333333333334
10;15;11.016;21.183333333333334
19;12;10.933;12.8
32;8;10.854;19.816666666666666
19;20;10.833;17.3
19;17;10.833;15.716666666666667
19;21;10.833;16.833333333333332
19;49;10.833;15.8
19;46;10.833;16.083333333333332
19;48;10.833;15.6
19;50;10.833;16.466666666666665
19;1;10.833;14.816666666666666
19;22;10.833;16.366666666666667
19;13;10.833;15.016666666666667
19;9;10.833;15.4
19;24;10.833;15.966666666666667
19;34;10.833;16.9
19;35;10.833;15.783333333333333
19;33;10.833;16.366666666666667
19;42;10.833;16.033333333333335
19;41;10.833;15.366666666666667
19;23;10.832;15.85
19;47;10.832;15.4
19;10;10.832;15.566666666666666
19;11;10.832;15.75
19;38;10.832;15.766666666666667
19;6;10.812;13.05
19;31;10.812;13.1
19;43;10.812;12.983333333333333
19;18;10.812;13.066666666666666
19;44;10.812;12.833333333333334
19;3;10.812;13.35
27;15;10.766;27.233333333333334
30;32;10.72;14.95
30;15;10.72;14.683333333333334
30;45;10.719;14.966666666666667
30;5;10.719;14.933333333333334
30;7;10.719;14.683333333333334
30;16;10.719;14.466666666666667
30;14;10.719;15.066666666666666
36;15;10.715;18.95
25;19;10.638;15.05
16;23;10.613;21.25
19;40;10.591;15.116666666666667
16;35;10.59;20.516666666666666
32;19;10.479;18.95
16;41;10.459;20.916666666666668
16;48;10.459;20.85
16;46;10.459;21.066666666666666
16;13;10.459;20.6
8;12;10.379;12.083333333333334
15;20;10.372;21.883333333333333
5;25;10.367;22.2
15;25;10.367;21.883333333333333
14;25;10.367;22.283333333333335
16;42;10.329;21.666666666666668
39;19;10.306;13.55
5;39;10.269;19.966666666666665
15;39;10.268;19.65
14;39;10.268;20.233333333333334
8;6;10.258;12.483333333333333
16;24;10.227;18.716666666666665
8;31;9.991;12.05
8;43;9.99;11.883333333333333
8;18;9.99;11.9
8;44;9.99;11.816666666666666
15;22;9.855;21.65
16;19;9.854;14.366666666666667
30;8;9.848;13.15
30;19;9.113;12.516666666666667
16;34;8.708;18.65
16;50;8.708;18.983333333333334
16;17;8.708;18.9
5;30;8.594;13.016666666666667
14;30;8.594;12.95
15;30;8.593;13.0
32;25;8.333;23.383333333333333
32;39;8.235;21.2
16;38;8.037;27.85
16;1;8.03;28.233333333333334
16;12;7.63;18.566666666666666
16;47;7.57;25.8
16;18;7.509;18.866666666666667
16;28;7.509;19.966666666666665
16;29;7.509;20.083333333333332
16;4;7.509;18.833333333333332
16;26;7.509;19.75
16;44;7.509;18.15
16;40;7.509;19.066666666666666
16;37;7.509;19.016666666666666
16;43;7.509;18.816666666666666
16;3;7.509;18.933333333333334
16;2;7.509;19.483333333333334
16;6;7.509;18.866666666666667
16;31;7.509;18.8
16;9;7.272;24.833333333333332
16;10;7.038;23.583333333333332
19;25;6.85;13.683333333333334
16;11;6.834;23.666666666666668
16;49;6.785;22.683333333333334
19;39;6.752;11.45
32;30;6.56;14.15
16;33;6.361;22.916666666666668
8;39;5.93;10.35
8;25;5.106;14.15
19;30;5.077;4.633333333333334
16;20;3.552;20.066666666666666
16;25;3.547;19.433333333333334
16;39;3.449;17.166666666666668
8;30;3.332;5.15
16;22;3.035;19.983333333333334
16;30;1.774;9.966666666666667
