id,name,type,latitude,longitude
315989090,Nome não disponível,restaurant,-19.8676558,-43.9650719
315990061,Nome não disponível,restaurant,-19.8612105,-43.9656275
315990063,Nome não disponível,restaurant,-19.8620455,-43.9682534
315990066,Restaurante Mineirinha,restaurant,-19.8624567,-43.9693182
315995052,Nome não disponível,restaurant,-19.9701396,-43.9653003
318809135,Nome não disponível,restaurant,-19.9292423,-43.9759325
319258499,Bar do Salomão,bar,-19.9388896,-43.9198583
320934189,Pizza Sur,restaurant,-19.9447425,-43.9287002
322058396,Churrasquinho do Manuel,restaurant,-19.8536675,-43.9558589
324383497,Nome não disponível,restaurant,-19.9366916,-43.9357762
324383510,Redentor,restaurant,-19.9385628,-43.9385944
324383665,Nome não disponível,restaurant,-19.9365446,-43.9373891
324383777,Rococco,restaurant,-19.9375633,-43.9340848
324384214,Sushi Naka,restaurant,-19.9338719,-43.9256679
324390463,Chop Stick / Vinnil Cultura Bar,restaurant,-19.9353545,-43.9359405
324390623,Donna Margherita,restaurant,-19.9274923,-43.9301419
324654685,Nome não disponível,restaurant,-19.9309693,-43.9319527
324654686,Brasano Grill,restaurant,-19.9304402,-43.9325665
324773916,Cozinha da Roça,restaurant,-19.9245169,-43.9427161
331924979,Raja Grill,restaurant,-19.9634464,-43.9555182
338835579,Villa Rizza,bar,-19.9319766,-43.9239685
338835584,Mart Plus,supermarket,-19.9310604,-43.9230455
340478036,Carrefour,supermarket,-19.9267964,-43.9342027
343589438,Macau,restaurant,-19.9298122,-43.9468091
353133222,Nome não disponível,restaurant,-19.9254952,-43.9359354
353134374,Farroupilha,restaurant,-19.9299685,-43.9468574
451001079,Almirante,restaurant,-19.934129,-43.9563095
452817536,A Granel,restaurant,-19.9258482,-43.9900785
456322668,Super Nosso,supermarket,-19.9337156,-43.9566287
456322675,Nome não disponível,restaurant,-19.936358,-43.959673
456322680,Nome não disponível,restaurant,-19.9356975,-43.9599412
460206315,Carrefour,supermarket,-19.8911283,-43.9677282
504709870,Néctar da Serra,restaurant,-19.9491691,-43.9207032
505538482,Nome não disponível,restaurant,-19.9386627,-43.9433008
545320510,Super Nosso Gourmet,supermarket,-19.9330197,-43.9303512
560386049,Restaurante Universitário UFMG,restaurant,-19.9154773,-43.9364118
560387242,Nome não disponível,bar,-19.9165667,-43.9353045
560387248,Nome não disponível,bar,-19.9164537,-43.9358109
560387282,Nome não disponível,supermarket,-19.9164941,-43.9356908
564229596,Faminthus,restaurant,-19.9341848,-43.9278651
564238276,Getúlio,restaurant,-19.9358885,-43.9310989
585680986,Falafel,restaurant,-19.9397296,-43.9347796
585706329,Tatame,restaurant,-19.947728,-43.934176
700201180,Nome não disponível,bar,-19.8422402,-43.9746325
706553869,EPA,supermarket,-19.8947067,-44.0088961
863426602,Maraluxa,restaurant,-19.9390803,-43.921456
863501299,Pomodori,restaurant,-19.9387687,-43.9344229
880763893,Epa Plus,supermarket,-19.9113887,-43.9040531
882261650,Alad'ns Bar (Frango Frito),bar,-19.9222819,-43.9528477
883409935,Nome não disponível,bar,-19.8577085,-43.9610914
884348797,Feirinha Savassi (Itinerante),restaurant,-19.9368156,-43.9356765
891943529,Maurício,restaurant,-19.9362804,-43.9251705
894387910,Baianas,restaurant,-19.9383079,-43.934463
895180515,Butecando,restaurant,-19.9245832,-43.9382569
895180519,Cantina do Lucas,restaurant,-19.9248113,-43.9375775
895185618,All Face,restaurant,-19.9243866,-43.9377339
899281253,Super Nosso,restaurant,-19.9597917,-43.9446927
967972267,Mesa de Minas,restaurant,-19.9659069,-43.9544966
967972271,Rei Davi,restaurant,-19.9625785,-43.956313
975466973,Amadeus,restaurant,-19.9331677,-43.9353779
975865780,Nome não disponível,restaurant,-19.9686547,-43.9650107
975872624,Porcão,restaurant,-19.9602802,-43.9570231
981547991,Assacabrasa,restaurant,-19.930666,-43.938844
983345954,Espeto's,restaurant,-19.9459696,-43.918649
983467253,Bar do Cabral,bar,-19.939005,-43.918923
983467255,Boiadeiro,restaurant,-19.9399833,-43.9171313
985692259,Peixe Frito,restaurant,-19.9288237,-43.955164
985714930,Braca Bar,restaurant,-19.9324487,-43.9421592
986578984,Oficina de Ideias,bar,-19.9436318,-43.9405229
986707467,Takê,restaurant,-19.9387325,-43.93143
986707865,San Ro,restaurant,-19.9384904,-43.9313495
990041462,Prático & Rápido,restaurant,-19.8579664,-43.9629242
993654819,Nome não disponível,bar,-19.9228595,-43.9439144
993654822,Nome não disponível,restaurant,-19.9235252,-43.9444569
993654899,Pizzaria do Porto,restaurant,-19.9226072,-43.9465927
994530568,Café Viena Beer,restaurant,-19.9290633,-43.9217963
1000461593,Saladeira,restaurant,-19.9231908,-43.9374656
1000461599,Requint,restaurant,-19.9227682,-43.9371198
1000464474,Pop & Kid,restaurant,-19.9200256,-43.9387523
1004294167,Ponto do Espetinho 3,restaurant,-19.9246863,-43.9228672
1005752289,Quase Light,restaurant,-19.9254084,-43.9241248
1005791052,Allegreto,restaurant,-19.9260468,-43.9252092
1005795678,Paracone,restaurant,-19.9275924,-43.9280392
1005874838,Paiol Grill,restaurant,-19.926685,-43.9269842
1005874857,Garfo de Ouro,restaurant,-19.9276613,-43.9275147
1011933734,Farroupilha Grill,restaurant,-19.9421162,-43.9239988
1013328797,Cantina dos Amigos,restaurant,-19.9317643,-43.9246506
1013337097,Dragon Minas,restaurant,-19.9309093,-43.9272383
1013367825,Savajus,restaurant,-19.930759,-43.9289243
1015309918,Storica Grill,restaurant,-19.9359292,-43.9318403
1015309926,Casa dos Contos,restaurant,-19.934744,-43.9316676
1041341436,Pizzarella,restaurant,-19.9339732,-43.9484406
1054724304,Armazém do Sabor,restaurant,-19.9343723,-43.9230655
1055833555,Jequi Tem Ondas,restaurant,-19.9195689,-43.9480815
1056966109,Quase Nada,restaurant,-19.9347443,-43.9234148
1067730201,Momento Super Nosso,supermarket,-19.9528388,-43.9329988
1067732926,Epa Premium,supermarket,-19.9522192,-43.9364343
1067733244,Epa Premium,supermarket,-19.9567655,-43.9341437
1067735872,EPA Plus,supermarket,-19.9561101,-43.9311046
1082978144,Kakitas Lanches,restaurant,-19.9204835,-43.9487223
1083015229,Algosto,restaurant,-19.9224822,-43.9241861
1084758970,Maurizio Gallo,restaurant,-19.9476737,-43.9354747
1087057065,Bar do João,bar,-19.9370383,-43.93438
1087086179,Afrodic,bar,-19.9375182,-43.9323271
1087086197,Sallute,restaurant,-19.9378998,-43.9315495
1087412350,Maria das Tranças,restaurant,-19.9347948,-43.9306301
1097287151,Gosto de Casa,restaurant,-19.9327188,-43.9580602
1097319879,Nome não disponível,supermarket,-19.9310469,-43.9592992
1097319885,Cantinho de Minas,restaurant,-19.9312861,-43.9593752
1097446501,Entre Sabores,restaurant,-19.9656396,-43.9545393
1098362464,Chalé Grill,restaurant,-19.9606531,-43.9570124
1099439432,Bar do Doca,bar,-19.9371118,-43.9593152
1111816160,Bistrô,restaurant,-19.8675387,-43.9798655
1111816237,Nome não disponível,restaurant,-19.8716424,-43.9800952
1120711861,Pizzarella,restaurant,-19.9547779,-43.9504435
1123482282,Nome não disponível,supermarket,-20.0001556,-43.9699421
1123482327,Oratório,bar,-19.924401,-43.9217621
1124224396,Feira Tom Jobim (Itinerante),restaurant,-19.9279116,-43.9285361
1139177998,Tudo na Brasa,bar,-19.8885279,-44.0021977
1139194463,Cantina Macarrão do Cabral,restaurant,-19.8848185,-44.0066475
1181074589,Rancho Fundo;Loteria,restaurant,-19.967364,-43.9630417
1183085991,Parada Carioca,bar,-19.9747705,-43.9416915
1183085995,Swingers,bar,-19.9708127,-43.9515462
1183086000,Utópica,bar,-19.9721791,-43.9494648
1184587701,Sarracino,restaurant,-19.9431695,-43.9233746
1231573288,Eddie Fine Burguer,restaurant,-19.9382409,-43.9412824
1231573290,Ah bom!,restaurant,-19.9380136,-43.9421366
1233658186,Restaurante Dona Naná,restaurant,-19.9389976,-44.0248792
1234188643,Nino Pizzaria,restaurant,-19.9187593,-43.9769605
1234188649,Nome não disponível,restaurant,-19.914148,-43.9766822
1234189621,Epa Supermercados,supermarket,-19.9148021,-43.9748154
1234307389,Tonel de Pinga,bar,-19.9275036,-43.9352378
1235362901,Köbes,restaurant,-19.9104906,-43.9160165
1239297615,Bartiquim,restaurant,-19.9117717,-43.9112904
1239327045,Estação Parada do Cardoso,restaurant,-19.9158524,-43.9105711
1239327057,La Crepe,restaurant,-19.9170326,-43.9132158
1239327063,Baianeira,restaurant,-19.915679,-43.9138857
1239327070,Oton Pizzería,restaurant,-19.9150505,-43.9137377
1239338296,Bar do 1000Tom,restaurant,-19.9170377,-43.9145408
1239338304,Pizzaría Felinos,restaurant,-19.9167754,-43.9166115
1239338311,Bar Charlotte,bar,-19.9170932,-43.915147
1239355876,Chef Tulio Internacional Butiquim,restaurant,-19.9116653,-43.9183073
1240827749,Bar Temático,restaurant,-19.9116936,-43.9111161
1240863817,Mixido,restaurant,-19.9395406,-43.9311378
1240914399,Bar Tudo Legal,bar,-19.936758,-43.9454952
1240916124,Bar Altas Horas,bar,-19.9360012,-43.9454534
1240953189,Lafa,bar,-19.9397634,-43.9414469
1240959732,Jin Lon,restaurant,-19.9402186,-43.9387351
1241006324,Galeto Itália,restaurant,-19.9393461,-43.9370755
1241994032,Piu Pizza e Birra,restaurant,-19.9317178,-43.9449568
1242223985,Sabor e Sonhos,restaurant,-19.9362102,-43.9282755
1242223991,Baiúca,restaurant,-19.9380386,-43.9287344
1242656665,Dragon Center,restaurant,-19.9388228,-43.9388026
1243162904,Restaurante Rossi,restaurant,-19.9272567,-43.9379006
1250523058,2 conto,bar,-19.8780878,-43.9343448
1250523076,Nome não disponível,bar,-19.878296,-43.9344501
1250736494,Boca do Forno,restaurant,-19.9570629,-43.934146
1259995414,Flores Restaurante,restaurant,-19.9428566,-43.9184818
1259995415,Epa,supermarket,-19.9427154,-43.9172051
1262128402,Epa,supermarket,-19.9144809,-43.940886
1263380437,Casa Amarela,restaurant,-19.9297898,-43.9345141
1263380441,Nossa Casa,restaurant,-19.9293816,-43.9346808
1263380444,Roast,restaurant,-19.9304481,-43.9348743
1265071758,Restaurante Sesc,restaurant,-19.9165997,-43.9432148
1268796060,Ponto do Frango,bar,-19.9658558,-43.9822972
1268796116,Bar do Ricardo,bar,-19.9656622,-43.9818828
1268796120,Ximbungo's Bar,bar,-19.9657222,-43.9826989
1268841778,Nome não disponível,bar,-19.9662678,-43.9843085
1291030042,No Átrio,restaurant,-19.9650637,-43.9543269
1299572338,Manjar Light,restaurant,-19.9313599,-43.9348905
1299690714,Butiquim da Carne,bar,-19.9457371,-43.9378351
1310670963,Butiquim Quintiliano,bar,-19.9390281,-43.9451267
1310686057,Ponto do Espetinho 2,bar,-19.9387988,-43.9475387
1314043422,Sabor do Nordeste,restaurant,-19.9393539,-43.9449621
1314142686,Nome não disponível,supermarket,-19.9407303,-43.9125411
1326381374,Sabor e Arte,restaurant,-19.9362025,-43.9245384
1335956365,Super Nosso,supermarket,-19.9600006,-43.9448063
1338487693,Nome não disponível,restaurant,-19.8737528,-43.9679435
1342764155,Epa,supermarket,-19.9216291,-43.9419057
1357306513,Nome não disponível,supermarket,-19.876597,-43.9323138
1357306514,Nome não disponível,supermarket,-19.87694,-43.9339285
1358281249,Chic Tácio,bar,-19.9046139,-43.9384085
1360003573,Cantina Mariana,restaurant,-19.94486,-43.920239
1402772377,Ponto da Picanha 1,restaurant,-19.929252,-43.930909
1404629446,Comida de Fato,restaurant,-19.930634,-43.928208
1448888561,Barracão Butequim,restaurant,-19.9102221,-43.9030408
1449295105,Companhia do Boi,restaurant,-19.9453214,-43.9305151
1449295109,Berga 8,bar,-19.9425379,-43.9324412
1449295110,Dirceu's Botequim,restaurant,-19.9450088,-43.9307138
1449295111,O Inusitado,bar,-19.9454828,-43.9418235
1449295113,Via Cristina,bar,-19.9458055,-43.9412442
1449295115,Café do Carmo,bar,-19.9457652,-43.9306226
1449295118,Peixe Boi,bar,-19.9465771,-43.9308587
1449295120,Pizzarela,restaurant,-19.9463887,-43.9497544
1449295122,Almanaque,bar,-19.9455282,-43.9305636
1449295124,Espetinho da Esquina,bar,-19.9390987,-43.9318779
1453700008,Petiskaldos,restaurant,-19.9161652,-43.9169748
1455655027,Too Much,restaurant,-19.9269111,-43.9286064
1462031750,Faculdade do Espeto,bar,-19.9025363,-43.9651686
1479301786,La Traviata,restaurant,-19.9375196,-43.9357229
1480114793,Peixe Boi,restaurant,-19.9524492,-43.9266653
1480169964,Assacabrasa Lourdes,restaurant,-19.9335396,-43.9424232
1480470871,Choperia Status Grill,restaurant,-19.9372019,-43.934619
1480484775,Fábbrica Sphaguetteria,restaurant,-19.9343332,-43.9451616
1481198070,Sabor e Saúde,restaurant,-19.9270732,-43.9368018
1481208714,Chapa do Chef,restaurant,-19.9411557,-43.9403474
1481256147,Espetinho do Luizinho,bar,-19.9240476,-43.9591016
1487801756,Bangkok Royal Thai Cuisine,restaurant,-19.9373792,-43.9446851
1491567946,Vila Gaia,restaurant,-19.9270841,-43.9278932
1497511227,Paiol Grill,restaurant,-19.92738,-43.9265679
1503585732,Super Nosso,supermarket,-19.8916533,-43.9281006
1503600616,Bela Casa,restaurant,-19.816355,-43.9727601
1504619363,Bar do Galo,bar,-19.8621087,-43.9712119
1505095153,Baiana do Acarajé,restaurant,-19.9384347,-43.9347767
1505095154,Orizontino,bar,-19.9384877,-43.9345192
1505096899,Apetite Bar & Restaurante,bar,-19.9176807,-43.9360079
1505268194,Origem,restaurant,-19.9265361,-43.9269265
1507230841,Surubim no Espeto,restaurant,-19.9339706,-43.9422597
1507230844,Nome não disponível,restaurant,-19.933895,-43.9425601
1507233673,Prato Chick e Tábua de Frios,restaurant,-19.9341145,-43.9530625
1507233679,Bar /Restaurante,restaurant,-19.9337897,-43.9524194
1507495539,Social,bar,-19.9352364,-43.929325
1507952469,Bar do John,bar,-19.9443037,-43.9316319
1511455581,Balaio de Gato,bar,-19.9261134,-43.9462549
1514347581,Bar do Mandruva,bar,-19.9411872,-43.9489722
1514415007,Pizza Uno,restaurant,-19.9394626,-43.9343806
1514495024,Tokushima,restaurant,-19.9295378,-43.944525
1515490139,Restaurante 606,restaurant,-19.9267164,-43.9255862
1520492090,Chxico do Churrasco,restaurant,-19.9290148,-43.9415489
1523690513,Krug Bier,bar,-19.9420157,-43.9361456
1524484370,Glassê,restaurant,-19.9284178,-43.9264511
1529991291,Adega do Sul,restaurant,-19.9313377,-43.956307
1558494894,Fazendinha,restaurant,-19.8601798,-43.9502443
1567120157,Empório Sírio Libanês,restaurant,-19.9153071,-43.9280104
1569200697,Guga's bar,bar,-19.9204055,-43.9437659
1570381231,Carrefour,supermarket,-19.9222473,-43.9406047
1570381233,Rampa,restaurant,-19.9212941,-43.9410392
1571405980,Nome não disponível,bar,-19.923755,-43.940009
1579712707,Bem Natural,restaurant,-19.9351491,-43.935948
1582698281,Super Nosso,supermarket,-19.8916255,-43.9965225
1583687134,Buona Tavola,restaurant,-19.9340896,-43.9356588
1583687136,Mandala,restaurant,-19.9347604,-43.9361363
1584761526,Bar Liberdade,bar,-19.9331507,-43.9369708
1584761527,Nome não disponível,restaurant,-19.9333078,-43.9356799
1587113850,Pomar e Horta,restaurant,-19.92795,-43.9273815
1588432585,Quase Nada,restaurant,-19.942485,-43.9191051
1588432586,Bar e Mercearia da Serra,restaurant,-19.9438011,-43.9200653
1588618780,Mamma's Pizza,restaurant,-19.9103995,-43.978582
1594729188,Nome não disponível,bar,-19.9392347,-43.9188395
1602207787,K-Bab,restaurant,-19.9331986,-43.9295802
1610351078,Churrasquinho do Buritis,bar,-19.9703723,-43.96559
1611877501,Mirante,supermarket,-19.9250617,-44.0009156
1614268620,Cozinha da Jane,restaurant,-19.9278416,-43.9248198
1614336812,Cuca de Anjo II,restaurant,-19.9273641,-43.9282731
1614340602,Nome não disponível,bar,-19.9290986,-43.9293161
1621808311,Verdemar Hortifruti,supermarket,-19.94636,-43.9390687
1621808314,Verdemar Padaria,supermarket,-19.9461532,-43.9391545
1621808320,Espetinho São Pedro,bar,-19.9452609,-43.9389611
1621808321,Bicho Papão,restaurant,-19.9453241,-43.9387732
1654208446,Emporium Mineiro,restaurant,-19.9455408,-43.9224355
1668656090,Esquinão do Carrpicho,bar,-19.9073401,-43.9578833
1673981118,Restaurante da Regina,restaurant,-19.9027906,-43.969674
1683189523,Ivanilde,restaurant,-19.9760499,-43.945758
1683189559,Nome não disponível,restaurant,-19.975828,-43.9450709
1683189562,Nome não disponível,restaurant,-19.9758993,-43.945328
1683189565,Nome não disponível,restaurant,-19.9760023,-43.9455725
1684863172,Baby Grill,restaurant,-19.9313429,-43.9667733
1700966309,Churrasco do Carlinhos,restaurant,-19.9057807,-43.9689261
1707915609,Deck,bar,-19.9052067,-43.9718817
1707915611,Esquina do churrasco,restaurant,-19.8999586,-43.9681894
1710040516,Supermercado BH,supermarket,-19.895986,-43.9605012
1710086691,Churrasquinho do Divino,bar,-19.8947684,-43.9599465
1719398379,Ouro Beer,bar,-19.8744732,-43.9901066
1719827745,Bar do Antônio,bar,-19.948503,-43.9338936
1723315293,Mulão,bar,-19.9090992,-43.9683517
1723323991,222,bar,-19.9456523,-43.9295759
1723328031,Adega & Churrasco,bar,-19.8774492,-43.9348736
1723329259,Agosto Butequim,bar,-19.9255897,-43.9616199
1723331976,Ali Ba Bar,bar,-19.9330097,-43.9545872
1723336270,Autentico's Bar,bar,-19.9669788,-43.9606544
1723344153,Bar da Cida,bar,-19.8386614,-43.9301994
1723353536,Pedacinhos do Céu,bar,-19.9063179,-43.9722832
1724796042,Bar do João,bar,-19.826876,-43.9647772
1726093849,Bar do Zezé,bar,-19.980685,-44.0128009
1726095198,Barção Moreira,bar,-19.8519534,-43.912707
1733445823,Bar e Cervejaria Brasil,bar,-19.9317742,-43.9256463
1733445824,Pichita Lanna,restaurant,-19.9320972,-43.9257474
1733449843,Pé de Amora,restaurant,-19.9322082,-43.9254738
1742911175,Buffet Bhagwan,restaurant,-19.9053416,-43.9242607
1742915291,Epa,supermarket,-19.9057826,-43.9244467
1743118595,Arigato,restaurant,-19.9052175,-43.9720299
1743759769,Tôatôa Butequeria,bar,-19.9015614,-43.9708563
1744885800,Aromi Restaurante,restaurant,-19.9383356,-43.9268462
1746160774,Cassis,restaurant,-19.9457663,-43.9203102
1746161760,No Arco da Lapa,restaurant,-19.9463177,-43.9204092
1746773549,Família Adams,bar,-19.928784,-43.9314757
1746775793,Chinna Food,restaurant,-19.9259749,-43.9353059
1748284564,Bar da Tiana,restaurant,-19.9018363,-43.9750257
1755016217,Gratinatti,restaurant,-19.9289547,-43.9309267
1755061937,BombShell,restaurant,-19.9388702,-43.9383734
1755069039,NKL,restaurant,-19.9270313,-43.938205
1763631730,Mercearia LIli,restaurant,-19.9463626,-43.9416287
1768240615,Patorroco,bar,-19.9264996,-43.9662255
1784861400,Albrunas Restaurante,restaurant,-19.9263441,-43.9246416
1800508583,Oasis distribudora de bebidas,alcohol,-19.903602,-43.9768271
1815177221,Apoio,supermarket,-19.9849013,-44.0349948
1815177242,Villefort,supermarket,-19.9787104,-44.0289652
1819439615,Supermercados BH,supermarket,-19.9897608,-44.0135325
1827055053,Chalé Itália,restaurant,-19.9879804,-44.0088361
1827555317,Supermercado BH,supermarket,-19.9955139,-44.0055905
1828168022,Bar do Cupim,bar,-7.020158,-37.2875367
1828171467,Churrascaria Buena Brasa,restaurant,-7.0141415,-37.2867158
1829326146,Bar do Lú,bar,-19.9781045,-44.0261548
1829954275,Restaurante da EBA,restaurant,-19.8628478,-43.9594914
1831500052,Nome não disponível,restaurant,-19.8558736,-43.9557257
1831973934,Minas Cervejaria,restaurant,-19.9767148,-44.0180588
1831977226,Chxico do Churrasco,restaurant,-19.9772815,-44.0208029
1831995414,Celeiro de Minas,restaurant,-19.9776525,-44.0240884
1832172662,Bar do Lú - Peixes,restaurant,-19.9769694,-44.0207793
1833445365,Bar do Nono,bar,-19.9426364,-43.9322828
1838986018,Barolo,restaurant,-7.0201291,-37.2813108
1841407458,Big Nic,restaurant,-19.9391593,-43.9331351
1841419730,Supermercado B2,supermarket,-19.9228208,-44.0055282
1842706383,Mamãe Bebidas,alcohol,-19.9593121,-43.9377002
1843302054,Supermercado BH,supermarket,-19.878407,-43.992836
1849662587,Casa Antiga,bar,-19.9269714,-43.9406726
1853010608,Barezinho Butequim,bar,-19.9460098,-43.9286452
1853025732,Chxico do Churrasco,bar,-19.9461447,-43.9284313
1853029064,Pinguim,restaurant,-19.941032,-43.9319618
1853215229,Supermercado BH,supermarket,-19.9862891,-44.0164058
1857891039,Ponto dos Amigos,bar,-19.9308139,-43.9339272
1857891057,Home Burger,restaurant,-19.9306419,-43.9339294
1860937823,WallMart,supermarket,-19.8410577,-43.9511908
1934230105,Panelão,supermarket,-19.9664086,-43.981482
1937444133,Sakanã Sushi,restaurant,-19.937769,-43.9443694
1946185227,Casa Mineira,restaurant,-19.927818,-43.93042
1967353773,CIA do Boi,restaurant,-19.8764212,-43.990646
1967361235,Restaurante Bom Prato,restaurant,-19.8682685,-44.0003744
1967374681,Espeto do Manoel III,bar,-19.8788654,-43.9928427
1967488203,EPA Plus,supermarket,-19.9516153,-43.9277651
1997268269,Pizzaria Mangabeiras,restaurant,-19.9784278,-44.0260953
2086372238,Nome não disponível,supermarket,-19.9299081,-43.9797193
2093788402,Supermercado BH,supermarket,-19.7999586,-43.9523773
2095567709,Cantinho do Sabor,restaurant,-19.921815,-43.9207941
2137173259,Yan Shan Zay,restaurant,-19.9374457,-43.9346327
2162852888,Mascate,bar,-19.9157084,-43.9277496
2168311428,BarBambu,bar,-19.9454753,-43.9818786
2210701219,Supermercado BH,supermarket,-19.9083974,-43.8925013
2280817426,petisquera do jacaré,alcohol,-19.8378565,-43.9951557
2291788905,Sabor Real,bar,-19.8887402,-43.9237669
2295109197,EPA,supermarket,-19.8889049,-43.9303619
2296585937,Chalé Mineiro,restaurant,-19.9368845,-43.9697944
2296585938,Lobo's Grill,restaurant,-19.9363736,-43.9701656
2296585940,Tropeiro da Lili,restaurant,-19.9354746,-43.9711446
2311902994,La Palma,restaurant,-19.855765,-43.9570401
2328436370,Pizza Sur,restaurant,-19.9374149,-43.9396616
2328436376,Nome não disponível,restaurant,-19.9361039,-43.9392716
2344555343,EPA 2,supermarket,-19.8036559,-43.9790382
2353967320,Nome não disponível,restaurant,-19.9342701,-43.9305954
2363318977,Bar do Jesu,bar,-19.8018729,-43.9934044
2363395135,Bistecão,restaurant,-19.9131358,-43.9718409
2390229338,Pizzaria Parola,restaurant,-19.9884935,-44.0105117
2392313821,Braseiro Grill,restaurant,-19.9894556,-44.0114984
2435336646,Boi Bento,bar,-19.9621626,-43.9501065
2441692828,Serjão,restaurant,-19.9357135,-43.933303
2451010713,D'Gust Burguer,bar,-19.8244541,-43.9358862
2456912482,Nome não disponível,restaurant,-19.7934011,-43.9806039
2460350182,Nome não disponível,restaurant,-19.7937925,-43.9788563
2482160825,Namastê,restaurant,-19.9257772,-43.9592389
2497121179,Supermercados BH,supermarket,-20.0005599,-44.0082212
2506432946,Cantina Vovó Olímpia,restaurant,-19.9034385,-43.9658499
2521471006,Sushi Sam,restaurant,-19.9053396,-43.9772891
2564780778,Cantina Alquimia do Sabor,restaurant,-19.8576725,-43.9199177
2590623208,Ochi Sushi,restaurant,-19.8668193,-43.9845323
2616449737,Espetinho do Eugênio,restaurant,-19.9307113,-43.9337319
2626539376,Sacolão Serra Verde,supermarket,-19.9379815,-43.9207447
2683505327,Supermercado BH,supermarket,-19.9350051,-44.0206146
2684472492,Verdemar,restaurant,-19.964117,-43.9557672
2710039448,Nome não disponível,bar,-19.9214916,-43.9957582
2710039460,Nome não disponível,restaurant,-19.9214614,-43.9960852
2710039464,Nome não disponível,bar,-19.9203518,-43.9968552
2723795119,Cia do Peixe,restaurant,-19.9336118,-44.0169407
2723795122,Amarelim,bar,-19.9330851,-44.0166721
2760025504,Restaurante Popular Venda Nova,restaurant,-19.8093383,-43.9692615
2791792202,Noa Noa,bar,-19.9243533,-43.9216808
2791792262,Rei do Omelete,bar,-19.9242827,-43.921595
2791792327,Granfinos,bar,-19.924865,-43.9232067
2848610581,Epa Supermercados,supermarket,-19.9262492,-43.918509
2848615807,Supermercado Guarani,supermarket,-19.9246152,-43.9085419
2849415098,Supermercado BH,supermarket,-19.9185491,-43.9103934
2849422009,Paracone,restaurant,-19.9161131,-43.9053937
2868708241,Alho Poró,restaurant,-19.9396714,-43.9770104
2868712430,Supermercados BH,supermarket,-19.9399841,-43.9777588
2958454833,Nome não disponível,restaurant,-19.9048759,-43.9595289
2988477304,Carrefour,supermarket,-19.9394014,-43.9480429
3010513661,Mickey Caldo de Mocotó,bar,-19.9207473,-43.9421087
3031037940,Ponto do Lanche,restaurant,-19.8136084,-43.9393175
3039535505,Churrascaria dos Pampas,restaurant,-14.204785,-42.7592681
3043549875,Cantina da Naná,restaurant,-19.9375034,-43.9470611
3043565634,Peixinho,restaurant,-19.936192,-43.9469058
3043565639,Vatel,restaurant,-19.9359752,-43.9468199
3084962102,DuCarmo Self Service,restaurant,-19.923854,-43.9507798
3102803893,Vila Floriano,restaurant,-19.9235117,-43.918907
3120938522,Kero Kero,restaurant,-19.9191385,-43.9748357
3202482810,Spoleto,restaurant,-19.8640664,-43.9706431
3202482814,Braga Pão de Queijo,restaurant,-19.8674942,-43.9713003
3202482819,Scudetto,restaurant,-19.8621692,-43.9686753
3210069286,Nome não disponível,restaurant,-19.9247931,-43.9299565
3227092859,Supermecado BH,supermarket,-19.9151621,-43.9792614
3227176506,Pizzaria Santa Pizza,restaurant,-19.9147259,-43.9100067
3305731088,Pizzaria Mangabeiras,restaurant,-19.9469112,-43.921493
3325576218,Sushi Japa São Bento,restaurant,-19.9551601,-43.95002
3325970881,Projeto Sabor,restaurant,-19.9549706,-43.9500239
3327610318,EPA Plus,supermarket,-19.9639156,-43.9493965
3328796827,Tudo no Espeto,restaurant,-20.7291193,-46.6102127
3363958026,Chico Savassi,restaurant,-19.9341557,-43.9354474
3363958029,Santa Fé,restaurant,-19.9343825,-43.9345721
3363958030,Vila Árabe,restaurant,-19.9342918,-43.9343377
3438037628,Golden China,restaurant,-19.9181486,-43.9389605
3459974307,Super Nosso,supermarket,-19.9299253,-43.9434141
3473469893,Provincia Di Salerno,restaurant,-19.9219214,-43.9228978
3529416150,Restaurante Dona Ana,restaurant,-19.9344665,-44.0134607
3529416158,Sacolão Vem Que Tem,supermarket,-19.9346219,-44.0134068
3622170653,Nome não disponível,supermarket,-19.8584928,-43.9062098
3623944070,Brunella Pizzaria,restaurant,-19.9526862,-43.9315848
3623944071,Pizzaria Sion,restaurant,-19.9526336,-43.9311385
3643293445,Sacolão ABC,supermarket,-19.9117202,-43.925124
3643332078,EPA - Supermercado - Floresta,supermarket,-19.9120372,-43.9247223
3643342335,Pizzaria Muzzarelos,restaurant,-19.9077589,-43.9245855
3685985006,Speciali,restaurant,-19.9379245,-43.942332
3685989658,Rima dos Sabores,restaurant,-19.9277779,-43.9622356
3698564793,Novo Vitória,supermarket,-19.8630732,-43.8897779
3708103538,Sapão Taioba,restaurant,-19.8608321,-43.9495865
3708112859,Pizzaiolo Dona Clara,restaurant,-19.8600073,-43.9471374
3773810958,Bolão São Pedro,restaurant,-19.946312,-43.9391682
3821043507,Mala & Cuia,restaurant,-19.8435412,-43.9695822
3821044572,Churrasquinho da Lagoa,restaurant,-19.8435223,-43.9694977
3827466366,Pino Restaurante,restaurant,-19.9433437,-43.9301662
3831385059,Arroba,restaurant,-19.926744,-43.9424
3831391958,Hortfrut,supermarket,-19.871553,-43.99023
3831493729,Chico da Cafua,restaurant,-19.9226147,-44.0028148
3831515225,Caoa Hundy,restaurant,-19.8590507,-43.959677
3833617582,Bhar Savassi,bar,-19.9370906,-43.9378834
3833617583,Bar Entre Folhas,bar,-19.9462999,-43.9355648
3833617585,Confraria do Malte,bar,-19.9551001,-43.9295569
3893600292,Supermercados BH,supermarket,-19.9199453,-43.9426728
4031192206,Maria Fumaça,restaurant,-19.9006872,-43.9676137
4159827495,Chico do Peixe,restaurant,-19.8404951,-43.9328404
4159827591,Cia do sanduíche,restaurant,-19.8409372,-43.9326801
4159830092,Pizzaria do Índio,restaurant,-19.8333505,-43.9363041
4159958192,Celinho Burguer,restaurant,-19.8396941,-43.9298366
4159964394,Pizzaria e churrascaria Floramar,restaurant,-19.8341003,-43.9377849
4160070896,Supermercado Vale a Pena,supermarket,-19.8396963,-43.9312907
4160161689,Supermercado EPA Plus,supermarket,-19.8445379,-43.9272327
4184036989,Gula e Gole restaurante,restaurant,-19.8315961,-43.9363675
4209053733,EPA,supermarket,-19.9250211,-43.9715331
4209380118,Verdemar Romanina,supermarket,-19.9269895,-43.9647133
4215324359,Boi Werneck,restaurant,-19.9669946,-43.9583534
4227475550,Bolão 2,bar,-19.9167412,-43.9160453
4227475838,Bangalô Lanches,restaurant,-19.9509259,-44.0008561
4227476199,Fundo da Floresta,bar,-19.9163726,-43.9120776
4247284504,Supermercados BH,supermarket,-19.8024278,-43.9902123
4247285879,Rancho da Vovó Tela,restaurant,-19.8018617,-43.9935581
4264753292,Anella,restaurant,-19.8435669,-43.9734111
4267994992,BH,supermarket,-19.8299544,-43.9881434
4271086390,Pio XII,supermarket,-19.9502304,-44.0015837
4293222508,Boa praça,supermarket,-19.9332269,-43.9326325
4293231699,Restaurante Mosteiro,restaurant,-19.9344186,-43.9343783
4296847425,Kasbah,restaurant,-19.9332822,-43.9294973
4359317728,Nome não disponível,restaurant,-19.8699986,-43.9630904
4360844329,Tenda do Sheik,restaurant,-19.9514392,-43.9277199
4362261976,Manjera,restaurant,-19.9507597,-43.9282418
4362261977,Mundo Verde,supermarket,-19.9512082,-43.9279169
4362271373,Parrilla del Mercado,restaurant,-19.9429429,-43.9266026
4386339778,Pellegrino,restaurant,-19.9491298,-43.9308075
4392918989,Via Bahia,supermarket,-19.9205976,-43.9080642
4394124392,Restaurante Estação Floresta,restaurant,-19.9168684,-43.9313226
4394167091,Santa Efigênia,supermarket,-19.9247399,-43.9164856
4394187090,Tia Neide,restaurant,-19.9193984,-43.9312864
4413418033,Jardim de Minas,restaurant,-19.8547896,-43.9556661
4433197511,La Farina,restaurant,-19.9426732,-43.9297934
4448092707,Pizza Mu,restaurant,-19.9483549,-43.9263393
4448526994,Scuolla Pizzaria,restaurant,-19.9438567,-43.9328698
4508674589,Restaurante Casa Verde,restaurant,-19.9157762,-43.9306771
4523187000,Nome não disponível,restaurant,-19.9233425,-43.9937703
4529108991,Dia,supermarket,-19.9251743,-43.9499809
4529110400,Dia,supermarket,-19.9261031,-43.942764
4530479747,Baiana do Acarajé,restaurant,-19.9383064,-43.9344664
4530479751,Green Food,restaurant,-19.9394765,-43.9360478
4530481930,Sátira,bar,-19.9395746,-43.9355581
4530482004,Carnossauro,bar,-19.9387015,-43.9344083
4530908583,Buffet Isabela Chaves,restaurant,-19.9098402,-43.9318188
4530908586,Empório Sírio-Libanês,restaurant,-19.9094612,-43.9325461
4530917795,PizzaMax,restaurant,-19.9095559,-43.9316275
4532714102,Momento Super Nosso,supermarket,-19.9246276,-43.9524513
4558316392,Restaurante Sagrado,restaurant,-19.9059197,-43.924237
4558692589,Campanário Restaurante e Cafeteria,restaurant,-19.9203544,-43.9512469
4571968601,Restaurante Varanda Gourmet,restaurant,-19.9223113,-43.9526973
4572993590,Restaurante Chalé Mineiro,restaurant,-19.9210501,-43.9550885
4573007493,Kibamba supermercado,supermarket,-19.8271721,-43.9734707
4573017690,Bitenca Bar e Restaurante,restaurant,-19.9219171,-43.9542245
4597241157,Supermercado Roma,supermarket,-19.8993334,-43.9180727
4611804642,Xapuri,restaurant,-19.8417395,-44.0036428
4623163690,Amarelim - Grelhados e Comida de Buteco,bar,-19.9280595,-43.959751
4629702794,Supermercado Apoio Mineiro,supermarket,-19.8294113,-43.941256
4673774046,Cantina da UAIII,restaurant,-19.8615512,-43.9638193
4710815461,Supermercados BH,supermarket,-19.9733487,-43.9754532
4756280545,Epa Plus,supermarket,-19.9742071,-43.9397083
4781230223,Dia,supermarket,-19.9113761,-43.9188879
4795521821,Nome não disponível,restaurant,-19.9348278,-44.0175799
4797217776,Varanda,restaurant,-19.8837612,-43.9969325
4837051215,Epa,supermarket,-19.9678728,-43.9637169
4840282349,Verdim,restaurant,-19.8724793,-44.0040837
4879558341,Varanda do Corel,restaurant,-19.9253925,-43.9921089
4894306884,Giovanni,restaurant,-19.9143993,-43.9285651
4940991321,Depósito Lauanny,alcohol,-7.0210463,-37.2833617
4950016422,La Vera,restaurant,-19.9443789,-43.9293105
4966532239,Supernosso,supermarket,-19.9763842,-43.9705093
4967071058,Adega Minas Gerais Gourmet,restaurant,-19.9738411,-43.9771929
4979372323,Santa Terezinha,bar,-7.022791,-37.278969
4986159916,Dia,supermarket,-19.9501002,-43.9992634
4993575722,@ Tapiocaria,restaurant,-7.0221301,-37.281712
4995543024,Bar da Fátima,bar,-7.0188212,-37.2824891
5001839122,Fonte,restaurant,-19.9259519,-43.9396431
5023949733,Bar e Lanchonete Santa Francisca,bar,-7.0137327,-37.2868126
5027455926,Sabor Nordestino,restaurant,-7.0195277,-37.2818488
5049662665,Mania Gostosa,restaurant,-19.9254284,-43.9357062
5067721029,Jack Rock Bar,bar,-19.9396729,-43.9297661
5078923302,Auto Espeto,bar,-19.9125115,-43.9747759
5157330721,Corleone,bar,-19.9281294,-43.9367155
5161422221,Papo de anjo,restaurant,-19.9200722,-43.9502817
5165705253,Empório Árabe d'Hana,restaurant,-19.9227023,-43.9425573
5166557323,Cervejaria Viela,bar,-19.9170428,-43.9036126
5172910824,Supermercado Decisão,supermarket,-19.8071626,-43.9706589
5172910921,EPA,supermarket,-19.8072443,-43.9703092
5193814125,Dia,supermarket,-19.948956,-43.9615525
5209878821,Ukai Sushi House,restaurant,-19.9319205,-43.9560543
5215947679,Dona Amélia Supermercado,supermarket,-19.95065,-43.9613989
5216366000,Restaurante PORTO DEL MUNDO,restaurant,-19.9497749,-43.9618704
5216455044,Bar DO DENTINHO,bar,-19.9463343,-43.9614533
5216681296,MAJA MAJA,restaurant,-19.9510025,-43.9612352
5216695982,Charlote,restaurant,-19.9485716,-43.9612125
5216705832,Empório Raja,restaurant,-19.9488667,-43.9612868
5217109726,Vaga para PNE,parking,-19.9441436,-43.9568561
5217109742,Estacionamento Particular,restaurant,-19.9514126,-43.9608868
5218655851,O Rei Raja Sport Bar / MR2 Society,restaurant,-19.9460726,-43.9580037
5221322103,Bem Natural,restaurant,-19.9209361,-43.951927
5221936526,Bar dos Amigos,bar,-19.9468144,-43.961706
5226552880,Dia,supermarket,-19.9492679,-43.9613507
5228473337,Nome não disponível,supermarket,-19.947647,-43.9580699
5240927521,Quem é Esse Restaurante e Lanchonete,restaurant,-19.9200131,-43.9514724
5240927522,"Villa França Salgados, Lanches e Almoço Executivo",restaurant,-19.9200351,-43.9513783
5282115472,Epa,supermarket,-19.960029,-43.98678
5282135116,BH,supermarket,-19.9601533,-43.9893018
5284207864,Bar da Marina,restaurant,-19.924016,-43.9091479
5317254824,Yukai,restaurant,-19.9496586,-43.9344962
5333170925,Açaí Tropical,restaurant,-7.019979,-37.281445
5337597741,Supermercado Fortaleza,supermarket,-19.8158692,-43.9633447
5387890622,Boi & Birra,restaurant,-19.9367801,-43.959548
5534749124,Redenção,supermarket,-7.020011,-37.2824555
5627457311,Cantina Mariana,restaurant,-19.9289157,-44.0095916
5635104483,Las Chicas Vegan,restaurant,-19.9248536,-43.9377077
5669810622,Tudo no espeto,restaurant,-19.9299117,-43.9441721
5678464419,Duke 'n Duke,bar,-19.9397566,-43.9375429
5699959551,Santa Maria Supermercados,supermarket,-19.9754787,-44.0476773
5871096786,Lotus Lounge,bar,-19.9603972,-43.9701807
5874069560,Fornazzo,restaurant,-19.9052351,-43.971983
5941407443,Nome não disponível,supermarket,-19.9853139,-44.0087176
5981838794,Soul Jazz Burger,bar,-19.8556997,-43.9568996
6120387195,Chalé Mineiro,restaurant,-19.9273895,-43.9595053
6120397384,Pizza no Galpão,restaurant,-19.924961,-43.9591222
6120405489,Varanda do Prado,restaurant,-19.9289125,-43.9598766
6120414894,Trem de Minas,restaurant,-19.9282097,-43.9595126
6120418082,Barroca Gourmet,restaurant,-19.9292671,-43.9595583
6120435071,Dia,supermarket,-19.9295707,-43.9554716
6175461742,Ambrozini,restaurant,-19.9202981,-43.9603237
6175461743,Variedades Lanchonete e Restaurante,restaurant,-19.9205115,-43.9597735
6180872984,Mineirim do Prado,restaurant,-19.9269435,-43.965156
6180873189,Patorocco,restaurant,-19.9267272,-43.966237
6210189003,Paddock,restaurant,-19.8528666,-43.9994441
6210189017,Paladino,restaurant,-19.8498331,-44.0070413
6210471929,Cai a Foia Bar & Restaurante,restaurant,-19.9087885,-44.0031838
6211112950,Leão da Serra,supermarket,-20.0213596,-44.0298101
6211133084,Epa,supermarket,-20.0189382,-44.0287041
6211135185,EPA,supermarket,-20.0114855,-44.0327492
6304612591,China Patos,restaurant,-7.022096,-37.2796519
6381616337,Dia,supermarket,-19.8769937,-43.9958403
6414829885,Roça Grande,restaurant,-19.9262559,-43.9412806
6419744873,Vegan's 2 Go,restaurant,-19.9386431,-43.936009
6481481685,Pé de Couve,restaurant,-19.9261782,-43.9350932
6616660359,Supermercados BH,supermarket,-19.8753456,-43.9231793
6629829061,Supermercado Angola,supermarket,-19.8670544,-43.9238153
6635973428,Nome não disponível,restaurant,-19.8358843,-43.9547853
6642183128,Chen Chang Kee,restaurant,-19.9137554,-43.9400726
6646349641,Vikings Hamburgueria,restaurant,-19.8732113,-43.9214898
6646368282,Sextouuu Steakbar,restaurant,-19.8731966,-43.9215276
6664882430,pajé,bar,-19.9526981,-43.9992008
6723592601,Supermercado BH,supermarket,-19.9297479,-43.9722622
6791361279,Via Bahia Supermercado Super Varejista,supermarket,-19.9247632,-43.9119989
6791361280,Restaurante Maná,restaurant,-19.9246402,-43.9122142
6863735353,Nome não disponível,supermarket,-19.8695786,-43.903533
6863735354,Nome não disponível,supermarket,-19.8580549,-43.9044815
6913438185,Dona Lucinha,restaurant,-19.9405786,-43.9362953
6914153385,Koctus Pizzaria,restaurant,-19.9346937,-43.9461854
6959249185,Sacolão ABC,supermarket,-19.9170739,-43.9569224
7012386534,Bar Bolão,restaurant,-19.9160962,-43.9185467
7023601163,Arábica Lanchonete,restaurant,-19.8820735,-43.9286853
7091849682,Surubim do Espeto,restaurant,-19.8722897,-43.9868438
7275446128,Bar e Restaurante Sabor Caseiro,restaurant,-19.8899564,-44.013231
7375540241,Lisboa,supermarket,-19.9529262,-43.9489483
7375540243,Verdinho,restaurant,-19.9552453,-43.9503263
7404865084,Kei,restaurant,-19.9314204,-43.9440163
7561570922,Verdemar,supermarket,-19.9387288,-43.939154
7766293474,Petisqueira do Teté,restaurant,-19.9637108,-43.979622
7766315380,Nome não disponível,supermarket,-19.9642982,-43.9807934
7766325713,Restaurante Saborear,restaurant,-19.964423,-43.9802556
7835969939,Dia,supermarket,-19.9122729,-43.9308636
7877162119,Nome não disponível,restaurant,-19.9128704,-43.9357577
7972238429,Sirène,bar,-19.9184132,-43.9328028
8119537479,EPA - Supermercado - Horto,supermarket,-19.9121131,-43.9223257
8158640898,Supermercados BH,supermarket,-19.8681897,-43.9288329
8283449470,"Sacolão, Hortifruti e Peixaria Suco de Videira",supermarket,-19.9173858,-44.004745
8408779374,Restaurante Stilo na Brasa,restaurant,-19.9764775,-43.9775456
8409003448,J-San Sushi House,restaurant,-19.9767006,-43.9769801
8409003451,Cuca Libre Pizzaria,restaurant,-19.9766576,-43.9772314
8412748620,Kombi Bar,bar,-19.9746431,-43.9767287
8412748632,Pizzaria Mangabeiras,restaurant,-19.9748859,-43.9768874
8412748634,Vegan's 2 Go,restaurant,-19.9749135,-43.9769021
8412748635,StahlBerg Bier Haus,bar,-19.974958,-43.9769282
8412748636,Restaurante Encantos e Sabores,restaurant,-19.9750423,-43.9769689
8412748637,Rota 88,restaurant,-19.975096,-43.9769902
8413119653,Le Pub Gastrobar & Parrilla,restaurant,-19.9757933,-43.9770416
8557134803,Restaurante Pimentão Gourmet,restaurant,-19.9489476,-43.9613005
8583065486,Bitaca Capetinga,restaurant,-19.9484842,-43.929195
8699196031,OD GROWLER STATION LTDA,restaurant,-19.9193528,-43.976636
8821213432,Bar Aqui Tudo é Bom - Lourdes,restaurant,-19.9267304,-43.9424001
8874904786,Mercearia Padre Eustáquio LTDA,supermarket,-19.8978884,-44.0106659
8891267236,The House Food & Fun,restaurant,-19.9397181,-43.9307497
8908254568,Restaurante do Ano,restaurant,-19.9373995,-43.9396604
8929643548,Bar Sapucaí,bar,-19.9180923,-43.9326859
8934167203,2M Supermercados,supermarket,-19.8608941,-43.914926
8934210935,Bar do Hugo,bar,-19.8611551,-43.9150166
8997122028,Eleve Rooftop,bar,-19.8608593,-43.9772973
9080873243,Garage Vintage,restaurant,-19.8316745,-43.9549436
9094638110,Sabor & Arte Restaurante e Lanchonete,restaurant,-19.7820926,-43.9514091
9147813117,Garagge Vitange,restaurant,-19.8315762,-43.9547337
9147820717,Trip Food,bar,-19.9178452,-43.9325554
9168584017,Estação,restaurant,-19.9370427,-44.019862
9265251854,La Cucina di Piero,restaurant,-19.8992888,-43.9188764
9364428998,Gratitude,restaurant,-19.9309315,-43.9442024
9364436878,Black Beer,bar,-19.9189831,-43.9359599
9364436879,O sentido do gosto,restaurant,-19.93092,-43.9443441
9364462270,Magrí,restaurant,-19.9319906,-43.9446766
9364462834,Ana Clara,restaurant,-19.9317603,-43.9245576
9364463852,Bení,restaurant,-19.9404409,-43.9372028
9394088006,Cantinho d'Casa,restaurant,-19.8001293,-43.9547776
9394883217,Isto e aQuilo,restaurant,-19.9301861,-43.9474081
9464622632,Restaurante Pizza Bar Manjericão,restaurant,-19.8782321,-43.9088146
9466033424,Japa's Sushi Delivery,restaurant,-19.8798476,-43.9087267
9466033433,Diboa bar e restaurante,restaurant,-19.879174,-43.908523
9466119173,Restaurante Prato Fundo,restaurant,-19.88059,-43.9084392
9468513800,Chopp,bar,-19.8817267,-43.9082499
9533087487,Meu Rancho Pizzaria,restaurant,-19.9137931,-43.9463239
9555204117,Feira Hippie,supermarket,-19.9226104,-43.9362591
9571521966,Toque de Chef Restaurante,restaurant,-19.9326312,-43.978129
9571714894,Mesa do Sábio,restaurant,-19.9280567,-43.9797419
9657158117,Coreu Burguer,restaurant,-19.9248707,-43.9910684
9658179246,Nome não disponível,restaurant,-19.9205441,-43.948413
9678581908,CTI - Conheça Tudo Isso,bar,-19.9119165,-43.996926
9688639717,Nicolau Bar da Esquina,restaurant,-19.9129462,-43.9182984
9694566726,Graos do Bem Prado BH Padaria e Lanchonete,restaurant,-19.9197881,-43.9624252
9696239710,Epa,supermarket,-19.8985129,-44.0047937
9696273325,Villefort Atacadista,supermarket,-19.8959872,-44.0094333
9696273343,Epa,supermarket,-19.914153,-43.9876889
9696273424,Mineirão Atacado e Varejo,supermarket,-19.8866929,-44.0062732
9711230580,Dia,supermarket,-19.8767801,-43.9961442
9715898502,ZONA,bar,-19.9195082,-43.9346201
9735225420,Casa do Samba Resenha,bar,-19.9216014,-43.9146548
9779000892,Padaria Almeida,restaurant,-19.8720613,-43.9244338
9809993217,Super Nosso,supermarket,-19.9242071,-43.986535
9856985717,"Lifebox Burgers, Steaks and Shakes",restaurant,-19.9321206,-43.9333091
9876786918,Dorsé Bar e Restaurante,restaurant,-19.916102,-43.9321948
9921338719,Nome não disponível,bar,-7.0198846,-37.2833101
9964968169,Bar do Pangaré,bar,-19.9687645,-43.9855738
10060853854,Nome não disponível,supermarket,-19.8679381,-43.9852112
10095617717,Querida Jacinta,restaurant,-19.923818,-43.9218827
10102560825,Distribuidora de Bebidas,bar,-19.9265319,-43.9930448
10102560826,Bar do Geraldinho,bar,-19.9259247,-43.9957913
10102560829,Distribuidora Quebec,bar,-19.9328496,-43.9977192
10102560830,Brasa Beer,bar,-19.9233941,-43.9985311
10102560831,Distribuidora dos Meninu,bar,-19.924186,-43.9997288
10102560832,Coreu Distribuidora,bar,-19.9275521,-43.9891385
10120067517,Fillys,restaurant,-19.8746945,-43.998483
10178852008,Pizzaria Olegário (Lourdes),restaurant,-19.9295987,-43.9473151
10179043017,Cozinha Santo Antônio,restaurant,-19.9445201,-43.9400172
10245704609,A Pão de Queijaria,restaurant,-19.926201,-43.9385151
10295147209,Restaurante Saborear,restaurant,-19.9161088,-43.9413002
10544284740,Restaurante Irmãos Unidos,restaurant,-14.2064855,-42.7615216
10587740305,Sushi Japa,restaurant,-19.926439,-43.99297
10713156505,Domino’s,restaurant,-19.9149802,-43.9818857
10791350944,Nome não disponível,bar,-19.8991251,-43.9573414
10868058005,Surubim Grill,restaurant,-19.8362024,-43.9754597
10914200905,Floresta,restaurant,-19.9167429,-43.9292256
10956018606,Pizzaria Ipanema,restaurant,-19.9085363,-44.002571
10985337405,Las Bambas,restaurant,-19.8875516,-43.9964427
11025255306,UAI Lanches,restaurant,-19.9222212,-43.9369571
11036412905,Bolha’s Burguer,restaurant,-19.85711,-43.9429634
11040120105,Casarão Dona Clara,restaurant,-19.8614898,-43.9437183
11053942005,Chef Brasil,restaurant,-19.9276344,-43.928123
11053943105,Espaço Brasil,restaurant,-19.9294698,-43.9314294
11055252605,Saboreando,restaurant,-19.9260746,-43.9352958
11057617905,Margherita,restaurant,-19.9248469,-43.9369406
11062541606,Quintal japa e bowls,restaurant,-19.928811,-43.9301778
11070987805,NoSpetto,bar,-7.0194739,-37.2818882
11084649905,Sushi Japa,restaurant,-19.8619349,-43.9403065
11134062711,Feijão Maletta,restaurant,-19.9247735,-43.9376692
11134062908,Nome não disponível,restaurant,-19.9223413,-43.935644
11136523005,Nome não disponível,restaurant,-19.9233504,-43.937713
11255243527,Bar & Rest. Bin Laden,bar,-19.9149159,-43.9378103
11255387174,Supernosso,supermarket,-19.9595298,-43.9439703
11255398364,Stop Chopp,bar,-19.9348126,-43.9316853
11255399512,Dia,supermarket,-19.9263362,-43.9345061
11260170046,Assaí Atacadista,supermarket,-19.8763828,-43.9259339
11304967069,Toca do Calango,bar,-7.0214448,-37.2805233
11438724069,Mais Sabor,restaurant,-19.9122644,-43.9590305
11519145792,Mercearia do Rodrigo,supermarket,-19.8383314,-43.8647946
11724289264,Teorema,restaurant,-19.869038,-43.9649873
11862902757,Floresta Orgânica,supermarket,-19.9144566,-43.9281985
11862960434,Splendido,restaurant,-19.9148759,-43.9282654
11865827201,Restaurante Dilha,restaurant,-19.9137178,-43.9277455
11874827718,Casa Cheia,restaurant,-19.9223132,-43.9425721
11876762765,Quintal do Degas,restaurant,-19.9083392,-43.9477437
11879248549,Trem Mineiro,restaurant,-19.9173443,-43.9366535
11879293692,Restaurante Mineirinho,restaurant,-19.9173918,-43.9369031
11949119169,Forno da Saudade,restaurant,-19.9164308,-43.9491867
12093114068,Restaurante Boali,restaurant,-19.8890796,-43.9678281
12227891779,Nome não disponível,bar,-19.9806377,-44.0126051
12236551495,Pizzaria Sabores de Nápoles,restaurant,-19.976815,-44.0174022
12314387384,Mustache Pizzaria,restaurant,-19.9253447,-43.9405154
12444673902,Judite,restaurant,-19.941426,-43.9374451
12444673903,O Burguer,restaurant,-19.9413297,-43.9373489
12453405401,Cantina do Sorriso,restaurant,-19.9304013,-43.9214863
12480490795,Savá Pub,restaurant,-19.9374698,-43.9356239
12542069197,Restaurante Boi Vitorio,restaurant,-19.9483253,-43.9206846
12547327250,Nome não disponível,bar,-7.0183912,-37.2835897
12559772502,HortiPlus Paquetá,supermarket,-19.890492,-43.9924384
12561410378,Restaurante Casa da China,restaurant,-19.9268109,-43.9510964
12588945794,Espetinho do Teteu,restaurant,-19.7958188,-43.990209
12647757533,Maria das Tranças,restaurant,-19.8745854,-43.9564595
12680705442,Nome não disponível,supermarket,-19.8191223,-43.9806005
12680799457,Bh,supermarket,-19.8167645,-43.9768374
12680873777,Caipira xique,restaurant,-19.8373438,-43.9920815
12681058310,Frango frito,restaurant,-19.8978485,-44.0056788
12681210910,Serrotinhos,restaurant,-19.9147802,-43.9837131
12685876637,Nome não disponível,restaurant,-19.9291778,-43.9301918
12691838827,Pizzaria Seu Gomes,restaurant,-19.932214,-43.9585272
12759659776,Taika Izakaya,restaurant,-19.9739768,-43.941805
12803223360,Bar e Restaurante Seu Braz 1949,bar,-19.8428176,-43.9613545
12880451024,Epa Plus,supermarket,-19.8307904,-43.9398229
12881601242,Ibrahim Empório Árabe,restaurant,-19.8588888,-43.9646776
12885405114,Chillout,bar,-19.9263795,-43.992906
12885405115,Botequim do Demerval,bar,-19.9254737,-43.9917045
12885414422,Mi Corazón,bar,-19.9182494,-43.9327401
13010018701,Dal Grano,restaurant,-19.8568388,-43.9599836
13013940830,Sino Sushi's,restaurant,-19.8203933,-43.9468978
13046863701,Restaurante do Porto,restaurant,-19.8940889,-43.9214253
13048948701,Supermercado Meu Prata,supermarket,-19.8854968,-43.9226681
13048992601,Momento Supernosso,supermarket,-19.9250444,-43.9417856
13072475735,Marlene Matos Pijamas,supermarket,-19.8239428,-43.9793655
13124767116,Pimenta Sushi,restaurant,-19.9597938,-43.9873335
13227917311,Arcos Bar,bar,-19.9249567,-43.9375562
8599710,Restaurante Universitário Setorial II,restaurant,-19.8704899,-43.9667449
11482988,Assaí Atacado e Varejo,supermarket,-19.9226564,-43.9286782
28738247,EPA Premium,supermarket,-19.8572284,-43.9688005
28860465,Nome não disponível,restaurant,-19.868347,-43.9733523
28967492,Super Nosso,supermarket,-19.9406773,-43.9257297
29026802,Epa Supermercados,supermarket,-19.9297801,-43.9800034
29204903,Empório Quintal,supermarket,-19.9281784,-43.9807002
30420785,Supernosso Barão,supermarket,-19.9350225,-43.9725799
31281824,Apoio Mineiro,supermarket,-19.907199,-43.911768
31928592,Oba,supermarket,-19.9429125,-43.9218592
34327630,Belo Horizonte,restaurant,53.0785915,11.8608684
36963030,Restaurante Universitário Setorial I,restaurant,-19.8692927,-43.9600633
38547473,Epa,supermarket,-19.9375283,-43.9597654
44998912,Nome não disponível,supermarket,-19.9743303,-43.9477244
83821846,Verdemar Buritis,supermarket,-19.9696165,-43.9650845
87235943,Epa Plus,supermarket,-19.8879215,-43.9287311
91987367,Epa Plus,supermarket,-19.945552,-43.9275155
107379136,Pizzaria Nino,restaurant,-19.9187577,-43.9769596
111592817,Epa,supermarket,-19.9671618,-43.991604
113033627,Carrefour,supermarket,-19.9109314,-43.968421
126248819,Morrito do Mato,bar,-19.9454963,-43.9415592
137066906,Bela Casa,alcohol,-19.816361,-43.9728159
142517867,Super Nosso,supermarket,-19.9129936,-43.931247
153994219,Restaurante Popular,restaurant,-19.9145804,-43.9441396
155057739,Supermercado BH,supermarket,-19.9066883,-43.9778008
162387828,Epa Plus,supermarket,-19.9040003,-43.9775862
167885158,Restaurante Quintal Pampulha,restaurant,-19.8589742,-43.9989137
172092411,Restaurante Popular,restaurant,-19.9761537,-44.0236694
173057058,Super Nosso,supermarket,-19.9033132,-44.006805
175594270,Jatobar,restaurant,-19.8711718,-43.9803074
175609210,Churrascaria e Pizzaria Barranco,restaurant,-19.9382641,-43.9974762
175821557,Epa Plus,supermarket,-19.8730867,-43.9856212
175956177,Super Nosso Castelo,supermarket,-19.8792076,-44.0048743
176104836,Epa Plus,supermarket,-19.8509689,-43.9630403
187310146,Nome não disponível,supermarket,-19.98503,-44.0350289
199537457,Lancheria Eleve,restaurant,-19.8609368,-43.9773711
199887849,Pizzaria Jaraguá,restaurant,-19.8541464,-43.9558593
199895421,Epa Plus,supermarket,-19.8557404,-43.9563689
205131659,Epa,supermarket,-19.874516,-43.9939076
217186514,Opa,supermarket,-19.8510061,-43.9273417
217800174,Supermercados BH,supermarket,-19.8946551,-43.8978815
219413190,Nome não disponível,bar,-19.8628011,-43.9710448
219413199,Farroupilha Grill,restaurant,-19.8626456,-43.9702902
219435144,Tia Clara,restaurant,-19.871276,-43.9799626
219439151,Nome não disponível,restaurant,-19.8719597,-43.9794427
223936067,Chopp da Fábrica Pampulha,restaurant,-19.8627446,-43.976438
224942688,Baby Beef,restaurant,-19.8764857,-43.9274616
227831134,Supermercados BH,supermarket,-19.9110794,-43.9690445
238217010,Nome não disponível,restaurant,-19.9711509,-43.9623229
240321123,Churrascaria e Cervejaria Caiçara Grill,restaurant,-19.9048955,-43.9772403
242195770,Supermrcados BH,supermarket,-20.0006046,-44.0082024
243231413,Clubenerd,restaurant,-19.9056656,-43.9765271
256284624,Super Nosso,supermarket,-19.9417734,-43.9327658
259753143,Villa Celimontana,restaurant,-19.8604229,-43.9691859
262794589,Verdemar,supermarket,-19.9641022,-43.9559474
271050665,Prédio 18,restaurant,-19.9239425,-43.9934742
292469876,Atlântida Steak Beer,restaurant,-19.8625648,-43.9984256
305085182,Dia,supermarket,-19.9014029,-43.9772435
320024469,Ni Hao,restaurant,-19.9425954,-43.9424846
320027004,Boca do Forno Cidade Nova,restaurant,-19.8917968,-43.927707
320027005,Batata's Grill,restaurant,-19.8916388,-43.9279894
320032577,Druida Pizzaria,restaurant,-19.8876239,-43.9260615
320032578,Druida Burgers,restaurant,-19.8877082,-43.9261393
320032579,O Gaulês,restaurant,-19.887912,-43.9258534
320032877,Quentinha A Quilo,restaurant,-19.8889917,-43.9275311
320032879,Pio Brasiliano,restaurant,-19.8892004,-43.9276585
320043967,Chico do Peixe,restaurant,-19.8859385,-43.927588
320044068,China in Box,restaurant,-19.8859796,-43.9283693
320045046,Druida Mix,bar,-19.8863804,-43.9275928
320046524,Xico da Carne,restaurant,-19.8893151,-43.923021
320047428,Surubim no Espeto,restaurant,-19.8817202,-43.9283834
320047429,Cantina Self-Service,restaurant,-19.8820737,-43.9284204
321068973,Supermercados BH,supermarket,-19.8612053,-43.9500019
322890321,Companhia do Boi,restaurant,-19.8787381,-43.9781133
325569357,Nome não disponível,supermarket,-19.9022365,-43.9567205
325991584,EPA Plus,supermarket,-19.9473879,-43.9495037
326365604,Baby Beef,restaurant,-19.9561374,-43.9573987
327651265,Carrefour,supermarket,-19.8748644,-43.9782694
335850532,Cantina - Prédio 29,restaurant,-19.9229891,-43.9913332
337741472,Nome não disponível,restaurant,-19.9292634,-43.935633
346300433,Nome não disponível,restaurant,-19.9363531,-44.0071016
346326669,Supermercado Via BH,supermarket,-19.9346806,-44.013148
355580303,Supermercado GS,supermarket,-19.871977,-44.0029989
367309533,Sushi House,restaurant,-19.8704346,-43.9867706
444805714,Supermercado Prisma,supermarket,-19.8664665,-44.0199982
445687623,Supermercado EPA Plus,supermarket,-19.9315147,-43.9533641
448576049,Epa,supermarket,-19.8812896,-44.0118921
469033777,Nome não disponível,restaurant,-19.9121707,-43.9303014
469033782,Restaurante Tia Zarica,restaurant,-19.9117036,-43.9308348
469033785,Restaurante Ambrozini,restaurant,-19.9120568,-43.9307665
469584823,Restaurante do ICB,restaurant,-19.8678247,-43.9661207
483333893,Dia,supermarket,-19.8749867,-43.9149304
501473265,Verdemar Pampulha,supermarket,-19.853544,-43.9664939
504482222,Super Nosso Caiçara,supermarket,-19.906253,-43.9712445
506307082,Beto Pizzas,restaurant,-19.9049636,-43.9678177
507378603,EPA Plus,supermarket,-19.9610778,-43.9639399
509242230,Café com Letras,restaurant,-19.9377855,-43.9378839
514601717,Bisteção,restaurant,-19.913172,-43.9717982
519148584,Pizzarone,restaurant,-19.9144795,-43.9768949
519148589,Babeto's,restaurant,-19.9146622,-43.9767131
537433749,Nome não disponível,supermarket,-19.9502827,-43.9615141
538349492,Inka,restaurant,-19.9471787,-43.9535221
538352937,Super Nosso,supermarket,-19.9461984,-43.9525903
539618950,Restaurante Granola,restaurant,-19.920424,-43.9537509
539806112,Casa Bonnán Restaurante e Self-service,restaurant,-19.9203666,-43.9502893
539976889,Fogão de Lenha,restaurant,-19.9201934,-43.948757
540405260,BH Supermercados,supermarket,-19.9400125,-43.9632518
540430933,Tropeiro mineiro,restaurant,-19.9485405,-43.9683053
540434289,Lobo's Grill,restaurant,-19.9364212,-43.97009
540434292,Chalé mineiro,restaurant,-19.9368399,-43.9697573
540434295,TROPEIRO DA LILI,restaurant,-19.9354887,-43.9711643
542492128,Restaurante Jeitinho de Minas,restaurant,-19.9228748,-43.9535748
543933350,Dia,supermarket,-19.9761996,-43.9771684
544191851,Mathilde Restaurante,restaurant,-19.9281662,-43.9518695
544407891,Nome não disponível,restaurant,-19.9274343,-43.9521376
544408591,Supermercados BH,supermarket,-19.8443968,-43.9718579
546334230,Ponto Verde,restaurant,-19.9263624,-43.9511857
546851657,Ki Fome Lanches,restaurant,-19.9236614,-43.910783
547745824,supermercado epa,supermarket,-19.9315603,-43.9533423
551144534,Verdemar,supermarket,-19.885773,-43.9931884
552674383,Nome não disponível,restaurant,-19.9267096,-43.9458308
552674392,Dona Fulô,restaurant,-19.9274949,-43.9452775
552937795,Nome não disponível,restaurant,-19.928081,-43.9457944
554355177,Bendito Japa,restaurant,-19.929967,-43.9468069
554355185,Macau,restaurant,-19.9297463,-43.9467411
555008800,Varanda,restaurant,-19.9311787,-43.9467294
555968336,Fabão Burguer,restaurant,-19.8630038,-43.9023823
556144079,Supernosso,supermarket,-19.8458246,-43.9735395
557128155,Adega do Sul,restaurant,-19.9314137,-43.956259
557128157,Empório Vila Árabe,restaurant,-19.9315633,-43.9560237
557128160,Pomodori,restaurant,-19.9318318,-43.9561209
557186669,Nome não disponível,supermarket,-19.8792244,-43.9113277
558808273,Restaurante Barroco,restaurant,-19.9263694,-43.9585837
558904860,Nome não disponível,restaurant,-19.916602,-43.9879681
558931173,Namastê,restaurant,-19.925742,-43.9591738
559486563,Nome não disponível,restaurant,-19.9148789,-43.9879088
560414743,Leblon,restaurant,-19.9223911,-43.9586539
562034757,Mamãe Bebidas,alcohol,-19.9159767,-43.9269489
565567722,Nome não disponível,restaurant,-19.9293727,-43.9454212
566155253,Super Mais,supermarket,-19.9090409,-43.933357
568381510,Nome não disponível,restaurant,-19.9276308,-43.9448311
575287371,Supermercado Epa Plus,supermarket,-19.8957015,-43.9059449
575287372,Stop Lanches,restaurant,-19.8951883,-43.906287
575287373,Parada Burguer,restaurant,-19.8949432,-43.9062543
576901551,Nome não disponível,restaurant,-19.8961836,-43.90737
614112150,Nome não disponível,restaurant,-19.8961548,-43.905427
620507632,Supermercado Verdemar,supermarket,-19.9333265,-43.9229601
626694106,Restaurante & Lanchonete Arca de Noé,restaurant,-19.8613662,-44.0108357
627560293,Epa Plus,supermarket,-19.9054431,-43.9660473
627817068,Supermercados BH,supermarket,-19.8798879,-43.9081676
630777272,Restaurante Paladino,restaurant,-19.8497381,-44.0071964
632569981,Nome não disponível,restaurant,-19.8528685,-43.9994744
634986326,Zoo Bar,restaurant,-19.854589,-44.0040585
637985933,Restaurante Toca do Coco,restaurant,-19.8592891,-43.9983502
640085801,Via Bahia,supermarket,-19.9322968,-43.9321556
660153073,Nome não disponível,restaurant,-19.9269479,-43.965156
660153074,Nome não disponível,restaurant,-19.9267157,-43.9662507
673171896,Super Nosso Supermercados,supermarket,-19.9398387,-43.9849833
681658300,BH,supermarket,-19.8702811,-44.0001774
685131327,Camaradería,restaurant,-19.934353,-43.9305497
686642557,Super Nosso,supermarket,-19.8834554,-43.9272222
687185084,Nome não disponível,supermarket,-22.5060591,-44.1983639
702249094,Roma,supermarket,-19.8738147,-43.9206026
707972041,Nome não disponível,restaurant,-19.9009553,-43.8919136
715416331,Varejão da Fartura,supermarket,-19.9271947,-43.9768512
720928897,Epa Supermercados,supermarket,-19.8733685,-44.0067755
724155450,Umbigo do Gordo,restaurant,-19.9245315,-43.9122913
736577763,Lanchonte Saudade,restaurant,-19.9189185,-43.8991542
739110337,Supermercado BH,supermarket,-19.8452154,-43.8841026
746779571,Nome não disponível,restaurant,-19.8407854,-43.8760015
749891967,Super Nosso,supermarket,-19.9164978,-43.9164038
760336104,Supermercado BH,supermarket,-19.8588235,-43.9350699
770701491,Nome não disponível,restaurant,-19.9147502,-43.97036
812572656,Supermercados BH,supermarket,-19.8768762,-43.9340484
826308847,Villa Portus Restaurante,restaurant,-19.9039691,-43.9617251
877542316,Samyr Comida Árabe,restaurant,-19.9159947,-43.9124561
886699420,Verdemar,supermarket,-19.9541375,-43.9400934
905494409,Bem Hortifruti,supermarket,-19.9761568,-43.977759
931560922,Merdcado freio eustaquio,supermarket,-19.790827,-43.9710762
944047318,Epa,supermarket,-19.8825693,-43.9076333
959589745,Mapemel Lanches,restaurant,-19.8475631,-43.934932
962605855,Supermercado ABC,supermarket,-20.7293227,-46.6061349
963033453,Nome não disponível,restaurant,-19.9373508,-43.9396804
970415041,Super Nosso,supermarket,-19.9366643,-43.9402628
1024374747,Chico do Peixe,restaurant,-19.8776801,-43.9091815
1025984955,Xico da Carne,restaurant,-19.8793408,-43.9082621
1026525109,Paladar,restaurant,-19.8856731,-43.9059508
1026690576,Via Gerais,restaurant,-19.891563,-43.9075013
1026690577,Don Chopp,restaurant,-19.8941034,-43.9100557
1026701379,Pizzaria Mangabeiras Santa Inês,restaurant,-19.8803337,-43.9087844
1026758525,Restaurante e Pizzaria Tia Penha,restaurant,-19.8810834,-43.9081823
1039370850,Mesa do sábio,restaurant,-19.9281216,-43.979728
1039370851,Epa Supermercados,supermarket,-19.9330278,-43.9782299
1039416826,Nome não disponível,restaurant,-19.9326424,-43.9781268
1039416837,Nome não disponível,restaurant,-19.9317809,-43.9789536
1102259767,Guarujá,restaurant,-19.9292194,-43.9759253
1105703943,Nome não disponível,restaurant,-19.9278263,-43.978441
1105966644,Casa Grill,restaurant,-19.9274952,-43.9763708
1106488137,Nome não disponível,restaurant,-19.9288489,-43.9818211
1106737410,Epa Supermercados,supermarket,-19.9058937,-43.8988633
1107018863,ABC Barão Hortifruti,supermarket,-19.935543,-43.9725289
1107018904,Restaurante Laranjinha's,restaurant,-19.9278131,-43.9730486
1107981410,tempero da zi,restaurant,-19.9281626,-43.979897
1143769960,Restaurante Sul Minas | Restaurante no Bairro Nova Suíça,restaurant,-19.9300182,-43.9750518
1143769962,Sertão de Minas,restaurant,-19.9298757,-43.9748673
1143810309,Restaurante Bom Sabor,restaurant,-19.9329847,-43.9772841
1172605919,Florestal,restaurant,-19.9167573,-43.9291304
1205665150,Supermercado Santo Cônego Lafayete,supermarket,-19.8521261,-43.9065222
1205665151,Supermercado BH,supermarket,-19.8527902,-43.9059895
1215366902,EPA,supermarket,-19.8889129,-43.9306136
1215367388,Verdemar,supermarket,-19.8888077,-43.92881
1272069592,Comida Mineira,restaurant,-19.9250451,-43.9442353
1273220667,Nome não disponível,restaurant,-19.8249116,-44.0007088
1273385053,Ponto da Costela,restaurant,-19.8251422,-44.0006405
1273385059,Nome não disponível,restaurant,-19.8255217,-44.0007538
1328209832,Super Nosso,supermarket,-19.9300097,-43.9434629
1328213508,Nome não disponível,restaurant,-19.9320825,-43.9437376
1328214395,Nome não disponível,restaurant,-19.9315687,-43.9438068
1328215682,Nome não disponível,restaurant,-19.9316057,-43.9439104
1328218032,Nome não disponível,restaurant,-19.9318803,-43.9445591
1328218351,Gennaro Lourdes,restaurant,-19.931476,-43.9459957
1328219138,OssO,restaurant,-19.9308413,-43.9433856
1328219432,Nome não disponível,restaurant,-19.931909,-43.9444284
1328221159,Nome não disponível,restaurant,-19.9312334,-43.9440235
1328222302,Ancho,restaurant,-19.9316825,-43.9450128
1328222303,Pizza hut,restaurant,-19.9316019,-43.9449922
1328222322,Nome não disponível,restaurant,-19.9311782,-43.9438169
1328222324,Nome não disponível,restaurant,-19.9310526,-43.9438036
1328223031,Nome não disponível,restaurant,-19.9310401,-43.9441483
1328224466,Nome não disponível,restaurant,-19.9310587,-43.9444313
1328224467,Nome não disponível,restaurant,-19.9311851,-43.9444675
1328225682,Nino,restaurant,-19.9310616,-43.9449176
1329974422,Zavino,bar,-19.9299836,-43.94285
1329984238,Nome não disponível,restaurant,-19.9323404,-43.9440861
1329984242,Nome não disponível,restaurant,-19.9321779,-43.9446523
1329984244,Nome não disponível,restaurant,-19.932058,-43.9450828
1358426731,A Porca Voadora,restaurant,-19.9460821,-43.9190273
1361171685,Supermercados BH,supermarket,-19.8905762,-43.9722655
1375374658,Aromi Restaurante,restaurant,-19.9370397,-43.9271051
1378827634,EPA Plus,supermarket,-19.8658062,-43.9503465
1394031002,Território Alvinegro,restaurant,-19.9299403,-44.0171061
1417405508,Supermercados BH,supermarket,-19.909911,-43.9459903
1417654311,DUPOVO SUPERMERCADOS,supermarket,-19.9054973,-43.9460392
1417654325,RESTAURANTE CASA VELHA,restaurant,-19.9097199,-43.9454881
1429413984,Supernosso Praça da Liberdade,supermarket,-19.9294983,-43.9376752
